,Trial_number,Chosen_castle,Chosen_location,Correct_location,Accuracy,Number_of_doors,RT,Current_orientation,Current_color,Current_size,First_feature,Second_feature,Third_feature,Participant_size,Participant_orientation,Participant_number,Participant_gender,Early_exit,Training_time,Meta_trial,Participant_age,PE_1,PE_2,PE_3,LP_1,LP_2,LP_3,Nov_1,Nov_2,Nov_3
0,1,1.0,1.0,0.0,0.0,2.0,5.639712600000166,-2.5,8.0,0.3400000000000001,color,orientation,size,0.38,-2.5,1,female,0,2700.8190137,1,18,0.0,0.0,0.0,0.0,0.0,0.0,0.0,99.0,99.0
1,2,1.0,0.0,0.0,1.0,2.0,1.807636699999421,-2.5,6.0,0.26,color,orientation,size,0.38,-2.5,1,female,0,2700.8190137,1,18,0.0,0.0,0.0,0.0,0.0,0.0,0.0,100.0,100.0
2,3,1.0,1.0,0.0,0.0,2.0,1.7009400999995703,11.0,9.0,0.26,color,orientation,size,0.38,-2.5,1,female,0,2700.8190137,0,18,1.0,0.0,0.0,0.0,0.0,0.0,0.0,101.0,101.0
3,4,1.0,0.0,1.0,0.0,2.0,7.908004400000209,69.5,15.0,0.1,color,orientation,size,0.38,-2.5,1,female,0,2700.8190137,1,18,1.0,0.0,0.0,-1.0,0.0,0.0,0.0,102.0,102.0
4,5,1.0,0.0,0.0,1.0,2.0,2.457812499999818,-38.5,5.0,0.26,color,orientation,size,0.38,-2.5,1,female,0,2700.8190137,1,18,0.0,0.0,0.0,0.0,0.0,0.0,0.0,103.0,103.0
5,6,1.0,0.0,1.0,0.0,2.0,1.3172904000002743,29.0,20.0,0.42,color,orientation,size,0.38,-2.5,1,female,0,2700.8190137,0,18,1.0,0.0,0.0,1.0,0.0,0.0,0.0,104.0,104.0
6,7,2.0,1.0,2.0,0.0,4.0,6.182352199999514,-65.5,23.0,0.4600000000000001,color,orientation,size,0.38,-2.5,1,female,0,2700.8190137,1,18,1.0,2.0,0.0,1.0,0.0,0.0,1.0,0.0,105.0
7,8,2.0,1.0,2.0,0.0,4.0,2.799773899999309,-47.5,20.0,0.18,color,orientation,size,0.38,-2.5,1,female,0,2700.8190137,1,18,1.0,2.0,0.0,1.0,-2.0,0.0,2.0,0.0,106.0
8,9,2.0,2.0,3.0,0.0,4.0,1.0329612000005,11.0,22.0,0.3,color,orientation,size,0.38,-2.5,1,female,0,2700.8190137,1,18,1.0,1.0,0.0,1.0,0.0,0.0,3.0,0.0,107.0
9,10,2.0,2.0,3.0,0.0,4.0,1.6334366000000955,83.0,19.0,0.42,color,orientation,size,0.38,-2.5,1,female,0,2700.8190137,1,18,1.0,1.0,0.0,1.0,1.0,0.0,4.0,0.0,108.0
10,11,1.0,1.0,1.0,1.0,2.0,2.392740600000252,-38.5,14.0,0.4600000000000001,color,orientation,size,0.38,-2.5,1,female,0,2700.8190137,1,18,0.0,1.0,0.0,0.0,1.0,0.0,0.0,1.0,109.0
11,12,1.0,1.0,0.0,0.0,2.0,4.200221600000077,87.5,6.0,0.38,color,orientation,size,0.38,-2.5,1,female,0,2700.8190137,0,18,1.0,1.0,0.0,1.0,1.0,0.0,0.0,2.0,110.0
12,13,1.0,0.0,0.0,1.0,2.0,5.907831700000315,83.0,0.0,0.1,color,orientation,size,0.38,-2.5,1,female,0,2700.8190137,1,18,0.0,1.0,0.0,-1.0,1.0,0.0,0.0,3.0,111.0
13,14,1.0,1.0,1.0,1.0,2.0,7.750096699999631,83.0,16.0,0.42,color,orientation,size,0.38,-2.5,1,female,0,2700.8190137,0,18,0.0,1.0,0.0,1.0,1.0,0.0,0.0,4.0,112.0
14,15,1.0,0.0,0.0,1.0,2.0,5.633610900000349,38.0,3.0,0.22,color,orientation,size,0.38,-2.5,1,female,0,2700.8190137,0,18,0.0,1.0,0.0,0.0,1.0,0.0,0.0,5.0,113.0
15,16,1.0,1.0,1.0,1.0,2.0,3.983403199999884,15.5,17.0,0.18,color,orientation,size,0.38,-2.5,1,female,0,2700.8190137,0,18,0.0,1.0,0.0,0.0,1.0,0.0,0.0,6.0,114.0
16,17,1.0,0.0,0.0,1.0,2.0,1.851283599999988,-65.5,6.0,0.26,color,orientation,size,0.38,-2.5,1,female,0,2700.8190137,0,18,0.0,1.0,0.0,0.0,1.0,0.0,0.0,7.0,115.0
17,18,1.0,1.0,0.0,0.0,2.0,2.417281699999876,-2.5,5.0,0.38,color,orientation,size,0.38,-2.5,1,female,0,2700.8190137,0,18,1.0,1.0,0.0,0.0,1.0,0.0,0.0,8.0,116.0
18,19,1.0,0.0,0.0,1.0,2.0,1.3423380999993242,-20.5,3.0,0.38,color,orientation,size,0.38,-2.5,1,female,0,2700.8190137,1,18,0.0,1.0,0.0,-1.0,1.0,0.0,0.0,9.0,117.0
19,20,1.0,1.0,0.0,0.0,2.0,1.8499611000006553,-61.0,9.0,0.14,color,orientation,size,0.38,-2.5,1,female,0,2700.8190137,0,18,1.0,1.0,0.0,1.0,1.0,0.0,0.0,10.0,118.0
20,21,2.0,1.0,3.0,0.0,4.0,12.966775099999722,38.0,21.0,0.1,color,orientation,size,0.38,-2.5,1,female,0,2700.8190137,1,18,1.0,1.0,0.0,1.0,0.0,0.0,1.0,0.0,119.0
21,22,2.0,0.0,0.0,1.0,4.0,2.5338838000006945,-61.0,10.0,0.14,color,orientation,size,0.38,-2.5,1,female,0,2700.8190137,1,18,1.0,0.0,0.0,1.0,0.0,0.0,2.0,0.0,120.0
22,23,2.0,1.0,2.0,0.0,4.0,2.0339788999999655,-88.0,19.0,0.3400000000000001,color,orientation,size,0.38,-2.5,1,female,0,2700.8190137,0,18,1.0,2.0,0.0,1.0,1.0,0.0,3.0,0.0,121.0
23,24,2.0,2.0,2.0,1.0,4.0,2.3164434999998775,-29.5,21.0,0.4600000000000001,color,orientation,size,0.38,-2.5,1,female,0,2700.8190137,1,18,1.0,0.0,0.0,1.0,-2.0,0.0,4.0,0.0,122.0
24,25,2.0,1.0,3.0,0.0,4.0,1.2998932000000425,20.0,22.0,0.42,color,orientation,size,0.38,-2.5,1,female,0,2700.8190137,0,18,1.0,1.0,0.0,1.0,2.0,0.0,5.0,0.0,123.0
25,26,1.0,0.0,1.0,0.0,2.0,1.0067168999994465,83.0,14.0,0.38,color,orientation,size,0.38,-2.5,1,female,0,2700.8190137,1,18,1.0,1.0,0.0,0.0,2.0,0.0,0.0,1.0,124.0
26,27,1.0,1.0,0.0,0.0,2.0,16.87570119999964,-16.0,5.0,0.42,color,orientation,size,0.38,-2.5,1,female,0,2700.8190137,1,18,1.0,1.0,0.0,0.0,2.0,0.0,0.0,2.0,125.0
27,28,1.0,0.0,1.0,0.0,2.0,1.192940500000077,69.5,22.0,0.26,color,orientation,size,0.38,-2.5,1,female,0,2700.8190137,1,18,1.0,1.0,0.0,0.0,2.0,0.0,0.0,3.0,126.0
28,29,1.0,1.0,0.0,0.0,2.0,1.7252717999999732,11.0,0.0,0.18,color,orientation,size,0.38,-2.5,1,female,0,2700.8190137,1,18,1.0,1.0,0.0,0.0,2.0,0.0,0.0,4.0,127.0
29,30,1.0,1.0,1.0,1.0,2.0,0.3927749000004041,-11.5,13.0,0.1,color,orientation,size,0.38,-2.5,1,female,0,2700.8190137,1,18,0.0,1.0,0.0,0.0,2.0,0.0,0.0,5.0,128.0
30,31,1.0,0.0,1.0,0.0,2.0,0.5834481000001688,83.0,15.0,0.3,color,orientation,size,0.38,-2.5,1,female,0,2700.8190137,0,18,1.0,1.0,0.0,1.0,2.0,0.0,0.0,6.0,129.0
31,32,3.0,0.0,1.0,0.0,8.0,11.799265100000412,-29.5,3.0,0.4600000000000001,color,orientation,size,0.38,-2.5,1,female,0,2700.8190137,1,18,1.0,1.0,1.0,1.0,2.0,0.0,1.0,7.0,0.0
32,33,1.0,0.0,0.0,1.0,2.0,1.5712679999996908,56.0,11.0,0.1,color,orientation,size,0.38,-2.5,1,female,0,2700.8190137,1,18,0.0,1.0,1.0,0.0,2.0,0.0,0.0,8.0,1.0
33,34,1.0,1.0,0.0,0.0,2.0,1.617730400000255,-70.0,4.0,0.1,color,orientation,size,0.38,-2.5,1,female,0,2700.8190137,0,18,1.0,1.0,1.0,1.0,2.0,0.0,0.0,9.0,2.0
34,35,1.0,1.0,0.0,0.0,2.0,1.258577499999774,78.5,11.0,0.3400000000000001,color,orientation,size,0.38,-2.5,1,female,0,2700.8190137,1,18,1.0,1.0,1.0,-1.0,2.0,0.0,0.0,10.0,3.0
35,36,1.0,0.0,1.0,0.0,2.0,9.337471499999992,-47.5,21.0,0.38,color,orientation,size,0.38,-2.5,1,female,0,2700.8190137,1,18,1.0,1.0,1.0,0.0,2.0,0.0,0.0,11.0,4.0
36,37,1.0,1.0,1.0,1.0,2.0,1.6730739000004178,-16.0,16.0,0.3,color,orientation,size,0.38,-2.5,1,female,0,2700.8190137,1,18,0.0,1.0,1.0,0.0,2.0,0.0,0.0,12.0,5.0
37,38,1.0,1.0,1.0,1.0,2.0,1.4841910000004646,-70.0,14.0,0.14,color,orientation,size,0.38,-2.5,1,female,0,2700.8190137,0,18,0.0,1.0,1.0,1.0,2.0,0.0,0.0,13.0,6.0
38,39,1.0,1.0,1.0,1.0,2.0,1.0843553999993674,-7.0,20.0,0.3,color,orientation,size,0.38,-2.5,1,female,0,2700.8190137,0,18,0.0,1.0,1.0,0.0,2.0,0.0,0.0,14.0,7.0
39,40,1.0,1.0,1.0,1.0,2.0,1.4344162999996115,-83.5,17.0,0.3,color,orientation,size,0.38,-2.5,1,female,0,2700.8190137,0,18,0.0,1.0,1.0,0.0,2.0,0.0,0.0,15.0,8.0
40,41,1.0,0.0,0.0,1.0,2.0,1.7673991999999998,51.5,11.0,0.26,color,orientation,size,0.38,-2.5,1,female,0,2700.8190137,0,18,0.0,1.0,1.0,0.0,2.0,0.0,0.0,16.0,9.0
41,42,1.0,0.0,1.0,0.0,2.0,1.667182799999864,33.5,16.0,0.26,color,orientation,size,0.38,-2.5,1,female,0,2700.8190137,0,18,1.0,1.0,1.0,0.0,2.0,0.0,0.0,17.0,10.0
42,43,1.0,1.0,1.0,1.0,2.0,1.3089987999992443,-20.5,16.0,0.42,color,orientation,size,0.38,-2.5,1,female,0,2700.8190137,1,18,0.0,1.0,1.0,-1.0,2.0,0.0,0.0,18.0,11.0
43,44,1.0,0.0,0.0,1.0,2.0,2.683722400000079,51.5,3.0,0.1,color,orientation,size,0.38,-2.5,1,female,0,2700.8190137,0,18,0.0,1.0,1.0,1.0,2.0,0.0,0.0,19.0,12.0
44,45,1.0,1.0,0.0,0.0,2.0,2.167147600000135,-52.0,5.0,0.18,color,orientation,size,0.38,-2.5,1,female,0,2700.8190137,0,18,1.0,1.0,1.0,0.0,2.0,0.0,0.0,20.0,13.0
45,46,1.0,1.0,0.0,0.0,2.0,1.4077536999993754,-43.0,9.0,0.3400000000000001,color,orientation,size,0.38,-2.5,1,female,0,2700.8190137,1,18,1.0,1.0,1.0,-1.0,2.0,0.0,0.0,21.0,14.0
46,47,1.0,0.0,0.0,1.0,2.0,1.5904158000003008,47.0,8.0,0.38,color,orientation,size,0.38,-2.5,1,female,0,2700.8190137,1,18,0.0,1.0,1.0,0.0,2.0,0.0,0.0,22.0,15.0
47,48,1.0,0.0,0.0,1.0,2.0,1.4506688000001304,69.5,4.0,0.26,color,orientation,size,0.38,-2.5,1,female,0,2700.8190137,0,18,0.0,1.0,1.0,1.0,2.0,0.0,0.0,23.0,16.0
48,49,1.0,1.0,0.0,0.0,2.0,2.067147899999327,-25.0,4.0,0.22,color,orientation,size,0.38,-2.5,1,female,0,2700.8190137,0,18,1.0,1.0,1.0,0.0,2.0,0.0,0.0,24.0,17.0
49,50,1.0,0.0,1.0,0.0,2.0,1.807795900000201,11.0,15.0,0.26,color,orientation,size,0.38,-2.5,1,female,0,2700.8190137,1,18,1.0,1.0,1.0,-1.0,2.0,0.0,0.0,25.0,18.0
50,51,1.0,0.0,0.0,1.0,2.0,9.324753500000044,15.5,4.0,0.3,color,orientation,size,0.38,-2.5,1,female,0,2700.8190137,1,18,0.0,1.0,1.0,0.0,2.0,0.0,0.0,26.0,19.0
51,52,1.0,1.0,1.0,1.0,2.0,1.9009443999993891,-29.5,14.0,0.42,color,orientation,size,0.38,-2.5,1,female,0,2700.8190137,0,18,0.0,1.0,1.0,1.0,2.0,0.0,0.0,27.0,20.0
52,53,1.0,1.0,1.0,1.0,2.0,2.3680530000001454,-88.0,15.0,0.22,color,orientation,size,0.38,-2.5,1,female,0,2700.8190137,0,18,0.0,1.0,1.0,0.0,2.0,0.0,0.0,28.0,21.0
53,54,1.0,1.0,1.0,1.0,2.0,2.9335111999998844,74.0,18.0,0.14,color,orientation,size,0.38,-2.5,1,female,0,2700.8190137,0,18,0.0,1.0,1.0,0.0,2.0,0.0,0.0,29.0,22.0
54,55,1.0,0.0,0.0,1.0,2.0,2.7338192999995954,87.5,7.0,0.38,color,orientation,size,0.38,-2.5,1,female,0,2700.8190137,0,18,0.0,1.0,1.0,0.0,2.0,0.0,0.0,30.0,23.0
55,56,1.0,0.0,0.0,1.0,2.0,3.982571100000314,87.5,3.0,0.14,color,orientation,size,0.38,-2.5,1,female,0,2700.8190137,0,18,0.0,1.0,1.0,0.0,2.0,0.0,0.0,31.0,24.0
56,57,1.0,0.0,0.0,1.0,2.0,1.8504968000006556,-34.0,5.0,0.18,color,orientation,size,0.38,-2.5,1,female,0,2700.8190137,0,18,0.0,1.0,1.0,0.0,2.0,0.0,0.0,32.0,25.0
57,58,1.0,1.0,0.0,0.0,2.0,1.5504874000007476,-52.0,6.0,0.4600000000000001,color,orientation,size,0.38,-2.5,1,female,0,2700.8190137,0,18,1.0,1.0,1.0,0.0,2.0,0.0,0.0,33.0,26.0
58,59,1.0,0.0,1.0,0.0,2.0,6.4748178999998345,33.5,14.0,0.14,color,orientation,size,0.38,-2.5,1,female,0,2700.8190137,1,18,1.0,1.0,1.0,-1.0,2.0,0.0,0.0,34.0,27.0
59,60,1.0,0.0,0.0,1.0,2.0,1.8907968000003168,74.0,7.0,0.14,color,orientation,size,0.38,-2.5,1,female,0,2700.8190137,1,18,0.0,1.0,1.0,0.0,2.0,0.0,0.0,35.0,28.0
60,61,1.0,1.0,0.0,0.0,2.0,1.5668246000004729,-34.0,12.0,0.38,color,orientation,size,0.38,-2.5,1,female,0,2700.8190137,0,18,1.0,1.0,1.0,1.0,2.0,0.0,0.0,36.0,29.0
61,62,1.0,0.0,1.0,0.0,2.0,4.758853700000145,-83.5,13.0,0.4600000000000001,color,orientation,size,0.38,-2.5,1,female,0,2700.8190137,1,18,1.0,1.0,1.0,-1.0,2.0,0.0,0.0,37.0,30.0
62,63,1.0,0.0,1.0,0.0,2.0,5.357460500000343,38.0,20.0,0.38,color,orientation,size,0.38,-2.5,1,female,0,2700.8190137,1,18,1.0,1.0,1.0,0.0,2.0,0.0,0.0,38.0,31.0
63,64,1.0,1.0,1.0,1.0,2.0,1.4093932000005225,29.0,14.0,0.3400000000000001,color,orientation,size,0.38,-2.5,1,female,0,2700.8190137,1,18,0.0,1.0,1.0,0.0,2.0,0.0,0.0,39.0,32.0
64,65,1.0,1.0,0.0,0.0,2.0,2.6176282000005813,-7.0,7.0,0.1,color,orientation,size,0.38,-2.5,1,female,0,2700.8190137,0,18,1.0,1.0,1.0,1.0,2.0,0.0,0.0,40.0,33.0
65,66,1.0,0.0,0.0,1.0,2.0,1.9080317999996623,-25.0,2.0,0.1,color,orientation,size,0.38,-2.5,1,female,0,2700.8190137,1,18,0.0,1.0,1.0,-1.0,2.0,0.0,0.0,41.0,34.0
66,67,1.0,0.0,1.0,0.0,2.0,2.29956139999922,24.5,18.0,0.14,color,orientation,size,0.38,-2.5,1,female,0,2700.8190137,0,18,1.0,1.0,1.0,1.0,2.0,0.0,0.0,42.0,35.0
67,68,1.0,1.0,0.0,0.0,2.0,1.5747522000001482,-56.5,4.0,0.4600000000000001,color,orientation,size,0.38,-2.5,1,female,0,2700.8190137,1,18,1.0,1.0,1.0,-1.0,2.0,0.0,0.0,43.0,36.0
68,69,1.0,0.0,1.0,0.0,2.0,1.5413085999998657,15.5,16.0,0.4600000000000001,color,orientation,size,0.38,-2.5,1,female,0,2700.8190137,1,18,1.0,1.0,1.0,0.0,2.0,0.0,0.0,44.0,37.0
69,70,1.0,0.0,0.0,1.0,2.0,1.6747566000003644,29.0,5.0,0.18,color,orientation,size,0.38,-2.5,1,female,0,2700.8190137,1,18,0.0,1.0,1.0,0.0,2.0,0.0,0.0,45.0,38.0
70,71,1.0,0.0,1.0,0.0,2.0,5.418217399999776,-74.5,14.0,0.42,color,orientation,size,0.38,-2.5,1,female,0,2700.8190137,0,18,1.0,1.0,1.0,1.0,2.0,0.0,0.0,46.0,39.0
71,72,1.0,1.0,0.0,0.0,2.0,1.9758567999997467,-2.5,2.0,0.4600000000000001,color,orientation,size,0.38,-2.5,1,female,0,2700.8190137,1,18,1.0,1.0,1.0,-1.0,2.0,0.0,0.0,47.0,40.0
72,73,1.0,0.0,1.0,0.0,2.0,1.858009800000218,-20.5,14.0,0.26,color,orientation,size,0.38,-2.5,1,female,0,2700.8190137,1,18,1.0,1.0,1.0,0.0,2.0,0.0,0.0,48.0,41.0
73,74,1.0,1.0,1.0,1.0,2.0,4.490670500000306,78.5,22.0,0.18,color,orientation,size,0.38,-2.5,1,female,0,2700.8190137,1,18,0.0,1.0,1.0,0.0,2.0,0.0,0.0,49.0,42.0
74,75,1.0,1.0,0.0,0.0,2.0,1.983919799999967,15.5,8.0,0.18,color,orientation,size,0.38,-2.5,1,female,0,2700.8190137,0,18,1.0,1.0,1.0,1.0,2.0,0.0,0.0,50.0,43.0
75,76,1.0,1.0,0.0,0.0,2.0,18.44215770000028,-79.0,12.0,0.3,color,orientation,size,0.38,-2.5,1,female,0,2700.8190137,1,18,1.0,1.0,1.0,-1.0,2.0,0.0,0.0,51.0,44.0
76,77,1.0,0.0,0.0,1.0,2.0,1.391068599999926,-25.0,0.0,0.14,color,orientation,size,0.38,-2.5,1,female,0,2700.8190137,1,18,0.0,1.0,1.0,0.0,2.0,0.0,0.0,52.0,45.0
77,78,1.0,0.0,0.0,1.0,2.0,1.433765300000232,74.0,2.0,0.26,color,orientation,size,0.38,-2.5,1,female,0,2700.8190137,0,18,0.0,1.0,1.0,1.0,2.0,0.0,0.0,53.0,46.0
78,79,1.0,0.0,0.0,1.0,2.0,1.5179701999995814,-65.5,4.0,0.1,color,orientation,size,0.38,-2.5,1,female,0,2700.8190137,0,18,0.0,1.0,1.0,0.0,2.0,0.0,0.0,54.0,47.0
79,80,1.0,0.0,0.0,1.0,2.0,4.249610000000757,42.5,7.0,0.4600000000000001,color,orientation,size,0.38,-2.5,1,female,0,2700.8190137,0,18,0.0,1.0,1.0,0.0,2.0,0.0,0.0,55.0,48.0
80,81,1.0,0.0,1.0,0.0,2.0,3.0667277000002287,11.0,24.0,0.42,color,orientation,size,0.38,-2.5,1,female,0,2700.8190137,0,18,1.0,1.0,1.0,0.0,2.0,0.0,0.0,56.0,49.0
81,82,1.0,1.0,0.0,0.0,2.0,3.6403713999998217,-7.0,3.0,0.18,color,orientation,size,0.38,-2.5,1,female,0,2700.8190137,1,18,1.0,1.0,1.0,-1.0,2.0,0.0,0.0,57.0,50.0
82,83,1.0,0.0,0.0,1.0,2.0,1.6392235000002984,60.5,4.0,0.1,color,orientation,size,0.38,-2.5,1,female,0,2700.8190137,1,18,0.0,1.0,1.0,0.0,2.0,0.0,0.0,58.0,51.0
83,84,1.0,0.0,0.0,1.0,2.0,0.6999835999995412,6.5,2.0,0.1,color,orientation,size,0.38,-2.5,1,female,0,2700.8190137,0,18,0.0,1.0,1.0,1.0,2.0,0.0,0.0,59.0,52.0
84,85,1.0,0.0,1.0,0.0,2.0,1.8332535999998072,2.0,21.0,0.18,color,orientation,size,0.38,-2.5,1,female,0,2700.8190137,0,18,1.0,1.0,1.0,0.0,2.0,0.0,0.0,60.0,53.0
85,86,1.0,0.0,0.0,1.0,2.0,0.9074944000003596,-38.5,7.0,0.1,color,orientation,size,0.38,-2.5,1,female,0,2700.8190137,1,18,0.0,1.0,1.0,-1.0,2.0,0.0,0.0,61.0,54.0
86,87,1.0,0.0,1.0,0.0,2.0,0.5843089999998483,-70.0,17.0,0.1,color,orientation,size,0.38,-2.5,1,female,0,2700.8190137,0,18,1.0,1.0,1.0,1.0,2.0,0.0,0.0,62.0,55.0
87,88,1.0,0.0,1.0,0.0,2.0,0.8740932999999131,-38.5,20.0,0.1,color,orientation,size,0.38,-2.5,1,female,0,2700.8190137,1,18,1.0,1.0,1.0,-1.0,2.0,0.0,0.0,63.0,56.0
88,89,1.0,0.0,1.0,0.0,2.0,0.8919066999997085,-20.5,18.0,0.1,color,orientation,size,0.38,-2.5,1,female,0,2700.8190137,1,18,1.0,1.0,1.0,0.0,2.0,0.0,0.0,64.0,57.0
89,90,1.0,0.0,0.0,1.0,2.0,1.624695200000133,-47.5,12.0,0.38,color,orientation,size,0.38,-2.5,1,female,0,2700.8190137,1,18,0.0,1.0,1.0,0.0,2.0,0.0,0.0,65.0,58.0
90,91,1.0,0.0,1.0,0.0,2.0,5.100703500000236,87.5,17.0,0.14,color,orientation,size,0.38,-2.5,1,female,0,2700.8190137,0,18,1.0,1.0,1.0,1.0,2.0,0.0,0.0,66.0,59.0
91,92,1.0,0.0,1.0,0.0,2.0,1.0072460000001229,33.5,18.0,0.14,color,orientation,size,0.38,-2.5,1,female,0,2700.8190137,1,18,1.0,1.0,1.0,-1.0,2.0,0.0,0.0,67.0,60.0
92,93,1.0,0.0,0.0,1.0,2.0,0.7243303000004744,2.0,5.0,0.14,color,orientation,size,0.38,-2.5,1,female,0,2700.8190137,1,18,0.0,1.0,1.0,0.0,2.0,0.0,0.0,68.0,61.0
93,94,1.0,0.0,0.0,1.0,2.0,1.0178451000001587,83.0,0.0,0.42,color,orientation,size,0.38,-2.5,1,female,0,2700.8190137,0,18,0.0,1.0,1.0,1.0,2.0,0.0,0.0,69.0,62.0
94,95,1.0,0.0,0.0,1.0,2.0,2.2836112000004505,-56.5,4.0,0.14,color,orientation,size,0.38,-2.5,1,female,0,2700.8190137,0,18,0.0,1.0,1.0,0.0,2.0,0.0,0.0,70.0,63.0
95,96,1.0,0.0,0.0,1.0,2.0,1.2163295999998809,2.0,0.0,0.4600000000000001,color,orientation,size,0.38,-2.5,1,female,0,2700.8190137,0,18,0.0,1.0,1.0,0.0,2.0,0.0,0.0,71.0,64.0
96,97,1.0,0.0,0.0,1.0,2.0,1.7166824000005363,2.0,4.0,0.3,color,orientation,size,0.38,-2.5,1,female,0,2700.8190137,0,18,0.0,1.0,1.0,0.0,2.0,0.0,0.0,72.0,65.0
97,98,1.0,0.0,1.0,0.0,2.0,0.8499156999996558,20.0,18.0,0.3,color,orientation,size,0.38,-2.5,1,female,0,2700.8190137,0,18,1.0,1.0,1.0,0.0,2.0,0.0,0.0,73.0,66.0
98,99,1.0,0.0,1.0,0.0,2.0,1.1907415999994555,69.5,22.0,0.3400000000000001,color,orientation,size,0.38,-2.5,1,female,0,2700.8190137,1,18,1.0,1.0,1.0,-1.0,2.0,0.0,0.0,74.0,67.0
99,100,1.0,0.0,0.0,1.0,2.0,0.6417117999999391,47.0,6.0,0.26,color,orientation,size,0.38,-2.5,1,female,0,2700.8190137,1,18,0.0,1.0,1.0,0.0,2.0,0.0,0.0,75.0,68.0
100,101,1.0,0.0,0.0,1.0,2.0,1.4003394000001208,-74.5,12.0,0.14,color,orientation,size,0.38,-2.5,1,female,0,2700.8190137,0,18,0.0,1.0,1.0,1.0,2.0,0.0,0.0,76.0,69.0
101,102,1.0,0.0,0.0,1.0,2.0,1.915971499999614,51.5,1.0,0.38,color,orientation,size,0.38,-2.5,1,female,0,2700.8190137,0,18,0.0,1.0,1.0,0.0,2.0,0.0,0.0,77.0,70.0
102,103,1.0,0.0,0.0,1.0,2.0,0.7336911000002146,51.5,9.0,0.4600000000000001,color,orientation,size,0.38,-2.5,1,female,0,2700.8190137,0,18,0.0,1.0,1.0,0.0,2.0,0.0,0.0,78.0,71.0
103,104,1.0,0.0,0.0,1.0,2.0,0.934112500000083,78.5,10.0,0.22,color,orientation,size,0.38,-2.5,1,female,0,2700.8190137,0,18,0.0,1.0,1.0,0.0,2.0,0.0,0.0,79.0,72.0
104,105,1.0,1.0,1.0,1.0,2.0,1.066957699999875,-61.0,14.0,0.18,color,orientation,size,0.38,-2.5,1,female,0,2700.8190137,0,18,0.0,1.0,1.0,0.0,2.0,0.0,0.0,80.0,73.0
105,106,1.0,1.0,1.0,1.0,2.0,1.300846499999352,33.5,20.0,0.42,color,orientation,size,0.38,-2.5,1,female,0,2700.8190137,0,18,0.0,1.0,1.0,0.0,2.0,0.0,0.0,81.0,74.0
106,107,1.0,1.0,1.0,1.0,2.0,1.250471899999866,78.5,24.0,0.4600000000000001,color,orientation,size,0.38,-2.5,1,female,0,2700.8190137,0,18,0.0,1.0,1.0,0.0,2.0,0.0,0.0,82.0,75.0
107,108,1.0,1.0,0.0,0.0,2.0,1.0507911000004242,6.5,6.0,0.1,color,orientation,size,0.38,-2.5,1,female,0,2700.8190137,0,18,1.0,1.0,1.0,0.0,2.0,0.0,0.0,83.0,76.0
108,109,1.0,0.0,0.0,1.0,2.0,1.140337400000135,-61.0,8.0,0.3400000000000001,color,orientation,size,0.38,-2.5,1,female,0,2700.8190137,1,18,0.0,1.0,1.0,-1.0,2.0,0.0,0.0,84.0,77.0
109,110,1.0,0.0,1.0,0.0,2.0,0.583694299999479,78.5,24.0,0.42,color,orientation,size,0.38,-2.5,1,female,0,2700.8190137,0,18,1.0,1.0,1.0,1.0,2.0,0.0,0.0,85.0,78.0
110,111,1.0,0.0,0.0,1.0,2.0,0.3926224000006186,74.0,3.0,0.38,color,orientation,size,0.38,-2.5,1,female,0,2700.8190137,1,18,0.0,1.0,1.0,-1.0,2.0,0.0,0.0,86.0,79.0
111,112,1.0,0.0,1.0,0.0,2.0,1.0340249000000767,-2.5,20.0,0.38,color,orientation,size,0.38,-2.5,1,female,0,2700.8190137,0,18,1.0,1.0,1.0,1.0,2.0,0.0,0.0,87.0,80.0
112,113,1.0,0.0,1.0,0.0,2.0,0.4749203999999736,38.0,21.0,0.38,color,orientation,size,0.38,-2.5,1,female,0,2700.8190137,1,18,1.0,1.0,1.0,-1.0,2.0,0.0,0.0,88.0,81.0
113,114,1.0,0.0,0.0,1.0,2.0,0.625666199999614,-25.0,6.0,0.18,color,orientation,size,0.38,-2.5,1,female,0,2700.8190137,1,18,0.0,1.0,1.0,0.0,2.0,0.0,0.0,89.0,82.0
114,115,1.0,0.0,0.0,1.0,2.0,0.6003768999999011,74.0,0.0,0.3,color,orientation,size,0.38,-2.5,1,female,0,2700.8190137,0,18,0.0,1.0,1.0,1.0,2.0,0.0,0.0,90.0,83.0
115,116,1.0,0.0,1.0,0.0,2.0,0.8009941000000254,65.0,13.0,0.14,color,orientation,size,0.38,-2.5,1,female,0,2700.8190137,0,18,1.0,1.0,1.0,0.0,2.0,0.0,0.0,91.0,84.0
116,117,1.0,0.0,1.0,0.0,2.0,0.5753439000000071,69.5,16.0,0.22,color,orientation,size,0.38,-2.5,1,female,0,2700.8190137,1,18,1.0,1.0,1.0,-1.0,2.0,0.0,0.0,92.0,85.0
117,118,1.0,0.0,0.0,1.0,2.0,0.4590937000002668,-16.0,4.0,0.38,color,orientation,size,0.38,-2.5,1,female,0,2700.8190137,1,18,0.0,1.0,1.0,0.0,2.0,0.0,0.0,93.0,86.0
118,119,1.0,0.0,0.0,1.0,2.0,2.251091200000701,29.0,10.0,0.14,color,orientation,size,0.38,-2.5,1,female,0,2700.8190137,0,18,0.0,1.0,1.0,1.0,2.0,0.0,0.0,94.0,87.0
119,120,1.0,1.0,0.0,0.0,2.0,0.78340339999977,78.5,2.0,0.1,color,orientation,size,0.38,-2.5,1,female,0,2700.8190137,0,18,1.0,1.0,1.0,0.0,2.0,0.0,0.0,95.0,88.0
120,121,1.0,0.0,0.0,1.0,2.0,0.3775279999999839,-65.5,8.0,0.18,color,orientation,size,0.38,-2.5,1,female,0,2700.8190137,1,18,0.0,1.0,1.0,-1.0,2.0,0.0,0.0,96.0,89.0
121,122,1.0,0.0,1.0,0.0,2.0,0.6335502000001725,20.0,21.0,0.14,color,orientation,size,0.38,-2.5,1,female,0,2700.8190137,0,18,1.0,1.0,1.0,1.0,2.0,0.0,0.0,97.0,90.0
122,123,1.0,0.0,1.0,0.0,2.0,0.475393300000178,20.0,18.0,0.3400000000000001,color,orientation,size,0.38,-2.5,1,female,0,2700.8190137,1,18,1.0,1.0,1.0,-1.0,2.0,0.0,0.0,98.0,91.0
123,124,1.0,0.0,0.0,1.0,2.0,0.7593293999998423,2.0,9.0,0.14,color,orientation,size,0.38,-2.5,1,female,0,2700.8190137,1,18,0.0,1.0,1.0,0.0,2.0,0.0,0.0,99.0,92.0
124,125,1.0,0.0,1.0,0.0,2.0,0.6667754000000059,51.5,13.0,0.4600000000000001,color,orientation,size,0.38,-2.5,1,female,0,2700.8190137,0,18,1.0,1.0,1.0,1.0,2.0,0.0,0.0,100.0,93.0
125,126,1.0,0.0,1.0,0.0,2.0,0.643412399999761,29.0,16.0,0.26,color,orientation,size,0.38,-2.5,1,female,0,2700.8190137,1,18,1.0,1.0,1.0,-1.0,2.0,0.0,0.0,101.0,94.0
126,127,1.0,0.0,0.0,1.0,2.0,0.6590455000005022,83.0,8.0,0.18,color,orientation,size,0.38,-2.5,1,female,0,2700.8190137,1,18,0.0,1.0,1.0,0.0,2.0,0.0,0.0,102.0,95.0
127,128,1.0,0.0,1.0,0.0,2.0,0.8005241999999271,2.0,16.0,0.22,color,orientation,size,0.38,-2.5,1,female,0,2700.8190137,0,18,1.0,1.0,1.0,1.0,2.0,0.0,0.0,103.0,96.0
128,129,1.0,0.0,1.0,0.0,2.0,0.6609703000003719,-88.0,24.0,0.26,color,orientation,size,0.38,-2.5,1,female,0,2700.8190137,1,18,1.0,1.0,1.0,-1.0,2.0,0.0,0.0,104.0,97.0
129,130,1.0,0.0,0.0,1.0,2.0,0.7918356000000131,65.0,5.0,0.3,color,orientation,size,0.38,-2.5,1,female,0,2700.8190137,1,18,0.0,1.0,1.0,0.0,2.0,0.0,0.0,105.0,98.0
130,131,1.0,1.0,1.0,1.0,2.0,0.3845074999999269,65.0,21.0,0.3400000000000001,color,orientation,size,0.38,-2.5,1,female,0,2700.8190137,0,18,0.0,1.0,1.0,1.0,2.0,0.0,0.0,106.0,99.0
131,132,1.0,0.0,1.0,0.0,2.0,1.6502938000003269,74.0,21.0,0.3,color,orientation,size,0.38,-2.5,1,female,0,2700.8190137,0,18,1.0,1.0,1.0,0.0,2.0,0.0,0.0,107.0,100.0
132,133,1.0,0.0,0.0,1.0,2.0,0.608854699999938,-52.0,6.0,0.14,color,orientation,size,0.38,-2.5,1,female,0,2700.8190137,1,18,0.0,1.0,1.0,-1.0,2.0,0.0,0.0,108.0,101.0
133,134,1.0,0.0,0.0,1.0,2.0,0.4666107000002739,-43.0,4.0,0.14,color,orientation,size,0.38,-2.5,1,female,0,2700.8190137,0,18,0.0,1.0,1.0,1.0,2.0,0.0,0.0,109.0,102.0
134,135,1.0,0.0,0.0,1.0,2.0,0.7495608999997785,47.0,2.0,0.4600000000000001,color,orientation,size,0.38,-2.5,1,female,0,2700.8190137,0,18,0.0,1.0,1.0,0.0,2.0,0.0,0.0,110.0,103.0
135,136,1.0,0.0,0.0,1.0,2.0,0.6831093000000692,-38.5,0.0,0.42,color,orientation,size,0.38,-2.5,1,female,0,2700.8190137,0,18,0.0,1.0,1.0,0.0,2.0,0.0,0.0,111.0,104.0
136,137,1.0,0.0,0.0,1.0,2.0,1.2168384999995396,11.0,4.0,0.3,color,orientation,size,0.38,-2.5,1,female,0,2700.8190137,0,18,0.0,1.0,1.0,0.0,2.0,0.0,0.0,112.0,105.0
137,138,1.0,1.0,0.0,0.0,2.0,1.3840791000002357,65.0,7.0,0.22,color,orientation,size,0.38,-2.5,1,female,0,2700.8190137,0,18,1.0,1.0,1.0,0.0,2.0,0.0,0.0,113.0,106.0
138,139,1.0,0.0,0.0,1.0,2.0,1.0937228000002506,38.0,12.0,0.4600000000000001,color,orientation,size,0.38,-2.5,1,female,0,2700.8190137,1,18,0.0,1.0,1.0,-1.0,2.0,0.0,0.0,114.0,107.0
139,140,1.0,0.0,1.0,0.0,2.0,0.7167761999999129,-88.0,13.0,0.14,color,orientation,size,0.38,-2.5,1,female,0,2700.8190137,0,18,1.0,1.0,1.0,1.0,2.0,0.0,0.0,115.0,108.0
140,141,1.0,0.0,1.0,0.0,2.0,0.608758499999567,38.0,20.0,0.4600000000000001,color,orientation,size,0.38,-2.5,1,female,0,2700.8190137,1,18,1.0,1.0,1.0,-1.0,2.0,0.0,0.0,116.0,109.0
141,142,1.0,0.0,1.0,0.0,2.0,0.5895789999995031,-47.5,23.0,0.42,color,orientation,size,0.38,-2.5,1,female,0,2700.8190137,1,18,1.0,1.0,1.0,0.0,2.0,0.0,0.0,117.0,110.0
142,143,1.0,0.0,0.0,1.0,2.0,0.6577250000000276,47.0,1.0,0.3,color,orientation,size,0.38,-2.5,1,female,0,2700.8190137,1,18,0.0,1.0,1.0,0.0,2.0,0.0,0.0,118.0,111.0
143,144,1.0,0.0,0.0,1.0,2.0,0.6673706999999922,33.5,7.0,0.42,color,orientation,size,0.38,-2.5,1,female,0,2700.8190137,0,18,0.0,1.0,1.0,1.0,2.0,0.0,0.0,119.0,112.0
144,145,1.0,0.0,0.0,1.0,2.0,0.3498552999999447,-20.5,3.0,0.42,color,orientation,size,0.38,-2.5,1,female,0,2700.8190137,0,18,0.0,1.0,1.0,0.0,2.0,0.0,0.0,120.0,113.0
145,146,1.0,0.0,0.0,1.0,2.0,0.7505929999997534,47.0,3.0,0.38,color,orientation,size,0.38,-2.5,1,female,0,2700.8190137,0,18,0.0,1.0,1.0,0.0,2.0,0.0,0.0,121.0,114.0
146,147,1.0,0.0,0.0,1.0,2.0,0.7838585999998031,78.5,8.0,0.1,color,orientation,size,0.38,-2.5,1,female,0,2700.8190137,0,18,0.0,1.0,1.0,0.0,2.0,0.0,0.0,122.0,115.0
147,148,1.0,1.0,1.0,1.0,2.0,1.333650000000489,-74.5,21.0,0.3400000000000001,color,orientation,size,0.38,-2.5,1,female,0,2700.8190137,0,18,0.0,1.0,1.0,0.0,2.0,0.0,0.0,123.0,116.0
148,149,1.0,0.0,0.0,1.0,2.0,3.183666799999628,69.5,9.0,0.1,color,orientation,size,0.38,-2.5,1,female,0,2700.8190137,0,18,0.0,1.0,1.0,0.0,2.0,0.0,0.0,124.0,117.0
149,150,1.0,0.0,0.0,1.0,2.0,0.7008040000000619,-25.0,10.0,0.1,color,orientation,size,0.38,-2.5,1,female,0,2700.8190137,0,18,0.0,1.0,1.0,0.0,2.0,0.0,0.0,125.0,118.0
150,151,1.0,1.0,1.0,1.0,2.0,1.033426099999815,-79.0,14.0,0.22,color,orientation,size,0.38,-2.5,1,female,0,2700.8190137,0,18,0.0,1.0,1.0,0.0,2.0,0.0,0.0,126.0,119.0
151,152,1.0,0.0,0.0,1.0,2.0,2.700366199999735,-11.5,12.0,0.42,color,orientation,size,0.38,-2.5,1,female,0,2700.8190137,0,18,0.0,1.0,1.0,0.0,2.0,0.0,0.0,127.0,120.0
152,153,2.0,1.0,0.0,0.0,4.0,2.432439400000476,-65.5,11.0,0.22,color,orientation,size,0.38,-2.5,1,female,0,2700.8190137,1,18,0.0,1.0,1.0,0.0,0.0,0.0,1.0,0.0,121.0
153,154,2.0,0.0,1.0,0.0,4.0,0.7821882999996888,6.5,2.0,0.22,color,orientation,size,0.38,-2.5,1,female,0,2700.8190137,1,18,0.0,1.0,1.0,0.0,0.0,0.0,2.0,0.0,122.0
154,155,2.0,1.0,2.0,0.0,4.0,0.7496448000001692,-61.0,13.0,0.22,color,orientation,size,0.38,-2.5,1,female,0,2700.8190137,1,18,0.0,2.0,1.0,0.0,0.0,0.0,3.0,0.0,123.0
155,156,2.0,1.0,1.0,1.0,4.0,0.5990764999996827,69.5,6.0,0.14,color,orientation,size,0.38,-2.5,1,female,0,2700.8190137,1,18,0.0,0.0,1.0,0.0,-1.0,0.0,4.0,0.0,124.0
156,157,2.0,0.0,0.0,1.0,4.0,3.6842042000007496,-7.0,5.0,0.3400000000000001,color,orientation,size,0.38,-2.5,1,female,0,2700.8190137,0,18,0.0,0.0,1.0,0.0,2.0,0.0,5.0,0.0,125.0
157,158,2.0,1.0,3.0,0.0,4.0,0.783067200000005,51.5,23.0,0.3400000000000001,color,orientation,size,0.38,-2.5,1,female,0,2700.8190137,0,18,0.0,1.0,1.0,0.0,0.0,0.0,6.0,0.0,126.0
158,159,2.0,1.0,3.0,0.0,4.0,0.5155889000006937,87.5,14.0,0.3,color,orientation,size,0.38,-2.5,1,female,0,2700.8190137,1,18,0.0,1.0,1.0,0.0,-1.0,0.0,7.0,0.0,127.0
159,160,2.0,0.0,0.0,1.0,4.0,1.032701399999496,-74.5,6.0,0.4600000000000001,color,orientation,size,0.38,-2.5,1,female,0,2700.8190137,1,18,0.0,0.0,1.0,0.0,0.0,0.0,8.0,0.0,128.0
160,161,2.0,1.0,1.0,1.0,4.0,1.2325615999998265,20.0,12.0,0.38,color,orientation,size,0.38,-2.5,1,female,0,2700.8190137,0,18,0.0,0.0,1.0,0.0,1.0,0.0,9.0,0.0,129.0
161,162,2.0,1.0,0.0,0.0,4.0,1.0833184000002802,-56.5,4.0,0.38,color,orientation,size,0.38,-2.5,1,female,0,2700.8190137,0,18,0.0,1.0,1.0,0.0,0.0,0.0,10.0,0.0,130.0
162,163,2.0,1.0,2.0,0.0,4.0,5.966386000000057,-70.0,16.0,0.4600000000000001,color,orientation,size,0.38,-2.5,1,female,0,2700.8190137,1,18,0.0,2.0,1.0,0.0,-1.0,0.0,11.0,0.0,131.0
163,164,2.0,2.0,2.0,1.0,4.0,1.9827380999995512,-56.5,15.0,0.26,color,orientation,size,0.38,-2.5,1,female,0,2700.8190137,1,18,0.0,0.0,1.0,0.0,-1.0,0.0,12.0,0.0,132.0
164,165,2.0,1.0,3.0,0.0,4.0,1.1503273999996964,56.0,22.0,0.26,color,orientation,size,0.38,-2.5,1,female,0,2700.8190137,0,18,0.0,1.0,1.0,0.0,2.0,0.0,13.0,0.0,133.0
165,166,2.0,1.0,3.0,0.0,4.0,1.38210429999981,-2.5,24.0,0.4600000000000001,color,orientation,size,0.38,-2.5,1,female,0,2700.8190137,1,18,0.0,1.0,1.0,0.0,-1.0,0.0,14.0,0.0,134.0
166,167,2.0,1.0,0.0,0.0,4.0,1.2163276000001133,-52.0,6.0,0.3400000000000001,color,orientation,size,0.38,-2.5,1,female,0,2700.8190137,1,18,0.0,1.0,1.0,0.0,0.0,0.0,15.0,0.0,135.0
167,168,2.0,1.0,2.0,0.0,4.0,1.0169290000003457,-25.0,17.0,0.22,color,orientation,size,0.38,-2.5,1,female,0,2700.8190137,1,18,0.0,2.0,1.0,0.0,0.0,0.0,16.0,0.0,136.0
168,169,2.0,1.0,1.0,1.0,4.0,1.0991428000006636,42.5,0.0,0.14,color,orientation,size,0.38,-2.5,1,female,0,2700.8190137,1,18,0.0,0.0,1.0,0.0,-1.0,0.0,17.0,0.0,137.0
169,170,2.0,1.0,2.0,0.0,4.0,0.9847887999994782,-52.0,18.0,0.14,color,orientation,size,0.38,-2.5,1,female,0,2700.8190137,0,18,0.0,2.0,1.0,0.0,2.0,0.0,18.0,0.0,138.0
170,171,2.0,3.0,3.0,1.0,4.0,1.682317900000271,20.0,14.0,0.3400000000000001,color,orientation,size,0.38,-2.5,1,female,0,2700.8190137,1,18,0.0,0.0,1.0,0.0,-2.0,0.0,19.0,0.0,139.0
171,172,2.0,0.0,0.0,1.0,4.0,1.1830795999994734,-16.0,1.0,0.38,color,orientation,size,0.38,-2.5,1,female,0,2700.8190137,0,18,0.0,0.0,1.0,0.0,2.0,0.0,20.0,0.0,140.0
172,173,2.0,1.0,3.0,0.0,4.0,2.1008624999994936,-2.5,13.0,0.18,color,orientation,size,0.38,-2.5,1,female,0,2700.8190137,0,18,0.0,1.0,1.0,0.0,0.0,0.0,21.0,0.0,141.0
173,174,2.0,2.0,3.0,0.0,4.0,2.416685099999995,65.0,21.0,0.14,color,orientation,size,0.38,-2.5,1,female,0,2700.8190137,1,18,0.0,1.0,1.0,0.0,-1.0,0.0,22.0,0.0,142.0
174,175,2.0,1.0,0.0,0.0,4.0,1.2823049000007811,-25.0,12.0,0.4600000000000001,color,orientation,size,0.38,-2.5,1,female,0,2700.8190137,1,18,0.0,1.0,1.0,0.0,0.0,0.0,23.0,0.0,143.0
175,176,2.0,3.0,1.0,0.0,4.0,1.1161895000004731,29.0,1.0,0.38,color,orientation,size,0.38,-2.5,1,female,0,2700.8190137,1,18,0.0,1.0,1.0,0.0,0.0,0.0,24.0,0.0,144.0
176,177,2.0,1.0,1.0,1.0,4.0,1.1326861999996254,-2.5,9.0,0.26,color,orientation,size,0.38,-2.5,1,female,0,2700.8190137,1,18,0.0,0.0,1.0,0.0,0.0,0.0,25.0,0.0,145.0
177,178,2.0,2.0,2.0,1.0,4.0,1.017030099999829,-61.0,17.0,0.4600000000000001,color,orientation,size,0.38,-2.5,1,female,0,2700.8190137,0,18,0.0,0.0,1.0,0.0,1.0,0.0,26.0,0.0,146.0
178,179,2.0,0.0,2.0,0.0,4.0,3.184084299999995,-20.5,24.0,0.14,color,orientation,size,0.38,-2.5,1,female,0,2700.8190137,0,18,0.0,1.0,1.0,0.0,0.0,0.0,27.0,0.0,147.0
179,180,2.0,1.0,1.0,1.0,4.0,0.8489935000006881,74.0,2.0,0.1,color,orientation,size,0.38,-2.5,1,female,0,2700.8190137,1,18,0.0,0.0,1.0,0.0,-1.0,0.0,28.0,0.0,148.0
180,181,2.0,2.0,1.0,0.0,4.0,0.3158909000003405,42.5,12.0,0.3,color,orientation,size,0.38,-2.5,1,female,0,2700.8190137,0,18,0.0,2.0,1.0,0.0,1.0,0.0,29.0,0.0,149.0
181,182,2.0,1.0,1.0,1.0,4.0,1.3824225999996995,69.5,6.0,0.38,color,orientation,size,0.38,-2.5,1,female,0,2700.8190137,1,18,0.0,0.0,1.0,0.0,-2.0,0.0,30.0,0.0,150.0
182,183,2.0,2.0,1.0,0.0,4.0,4.849792299999535,47.0,1.0,0.14,color,orientation,size,0.38,-2.5,1,female,0,2700.8190137,0,18,0.0,2.0,1.0,0.0,2.0,0.0,31.0,0.0,151.0
183,184,2.0,1.0,3.0,0.0,4.0,0.7162219000001642,60.5,17.0,0.42,color,orientation,size,0.38,-2.5,1,female,0,2700.8190137,1,18,0.0,1.0,1.0,0.0,-2.0,0.0,32.0,0.0,152.0
184,185,2.0,1.0,3.0,0.0,4.0,1.4662061999997604,42.5,24.0,0.14,color,orientation,size,0.38,-2.5,1,female,0,2700.8190137,1,18,0.0,1.0,1.0,0.0,1.0,0.0,33.0,0.0,153.0
185,186,2.0,3.0,2.0,0.0,4.0,3.0496437000001606,-11.5,17.0,0.1,color,orientation,size,0.38,-2.5,1,female,0,2700.8190137,1,18,0.0,1.0,1.0,0.0,0.0,0.0,34.0,0.0,154.0
186,187,2.0,0.0,0.0,1.0,4.0,4.39982770000006,-43.0,12.0,0.3,color,orientation,size,0.38,-2.5,1,female,0,2700.8190137,1,18,0.0,0.0,1.0,0.0,0.0,0.0,35.0,0.0,155.0
187,188,2.0,1.0,0.0,0.0,4.0,8.01770680000027,-25.0,11.0,0.22,color,orientation,size,0.38,-2.5,1,female,0,2700.8190137,0,18,0.0,1.0,1.0,0.0,1.0,0.0,36.0,0.0,156.0
188,189,2.0,2.0,3.0,0.0,4.0,1.7326656999994157,2.0,18.0,0.22,color,orientation,size,0.38,-2.5,1,female,0,2700.8190137,1,18,0.0,1.0,1.0,0.0,-1.0,0.0,37.0,0.0,157.0
189,190,2.0,0.0,1.0,0.0,4.0,3.499801799999659,87.5,10.0,0.3,color,orientation,size,0.38,-2.5,1,female,0,2700.8190137,1,18,0.0,1.0,1.0,0.0,0.0,0.0,38.0,0.0,158.0
190,191,2.0,3.0,1.0,0.0,4.0,2.000145999999404,2.0,10.0,0.42,color,orientation,size,0.38,-2.5,1,female,0,2700.8190137,1,18,0.0,1.0,1.0,0.0,0.0,0.0,39.0,0.0,159.0
191,192,2.0,0.0,1.0,0.0,4.0,0.8818302999998195,51.5,5.0,0.18,color,orientation,size,0.38,-2.5,1,female,0,2700.8190137,1,18,0.0,1.0,1.0,0.0,0.0,0.0,40.0,0.0,160.0
192,193,2.0,1.0,0.0,0.0,4.0,1.6324009999998452,-52.0,8.0,0.1,color,orientation,size,0.38,-2.5,1,female,0,2700.8190137,1,18,0.0,1.0,1.0,0.0,0.0,0.0,41.0,0.0,161.0
193,194,2.0,0.0,3.0,0.0,4.0,0.8158519999997225,24.5,23.0,0.3,color,orientation,size,0.38,-2.5,1,female,0,2700.8190137,1,18,0.0,2.0,1.0,0.0,0.0,0.0,42.0,0.0,162.0
194,195,2.0,1.0,3.0,0.0,4.0,2.2668882000007216,56.0,14.0,0.4600000000000001,color,orientation,size,0.38,-2.5,1,female,0,2700.8190137,1,18,0.0,1.0,1.0,0.0,-1.0,0.0,43.0,0.0,163.0
195,196,2.0,1.0,0.0,0.0,4.0,0.6495490999996036,-29.5,0.0,0.18,color,orientation,size,0.38,-2.5,1,female,0,2700.8190137,1,18,0.0,1.0,1.0,0.0,1.0,0.0,44.0,0.0,164.0
196,197,2.0,1.0,1.0,1.0,4.0,0.5835277999995014,78.5,0.0,0.22,color,orientation,size,0.38,-2.5,1,female,0,2700.8190137,1,18,0.0,0.0,1.0,0.0,0.0,0.0,45.0,0.0,165.0
197,198,2.0,0.0,3.0,0.0,4.0,0.483897899999647,11.0,22.0,0.38,color,orientation,size,0.38,-2.5,1,female,0,2700.8190137,0,18,0.0,2.0,1.0,0.0,1.0,0.0,46.0,0.0,166.0
198,199,2.0,1.0,2.0,0.0,4.0,0.7496784000004482,-25.0,17.0,0.3400000000000001,color,orientation,size,0.38,-2.5,1,female,0,2700.8190137,1,18,0.0,2.0,1.0,0.0,-2.0,0.0,47.0,0.0,167.0
199,200,2.0,2.0,3.0,0.0,4.0,0.6834326999996847,29.0,20.0,0.1,color,orientation,size,0.38,-2.5,1,female,0,2700.8190137,1,18,0.0,1.0,1.0,0.0,0.0,0.0,48.0,0.0,168.0
200,201,2.0,2.0,1.0,0.0,4.0,1.9161881999998511,47.0,1.0,0.18,color,orientation,size,0.38,-2.5,1,female,0,2700.8190137,1,18,0.0,2.0,1.0,0.0,1.0,0.0,49.0,0.0,169.0
201,202,2.0,2.0,0.0,0.0,4.0,1.1829641999993328,-25.0,1.0,0.3,color,orientation,size,0.38,-2.5,1,female,0,2700.8190137,1,18,0.0,1.0,1.0,0.0,-1.0,0.0,50.0,0.0,170.0
202,203,2.0,1.0,3.0,0.0,4.0,2.499985400000696,87.5,16.0,0.26,color,orientation,size,0.38,-2.5,1,female,0,2700.8190137,1,18,0.0,1.0,1.0,0.0,1.0,0.0,51.0,0.0,171.0
203,204,2.0,0.0,0.0,1.0,4.0,3.284212600000501,-25.0,9.0,0.18,color,orientation,size,0.38,-2.5,1,female,0,2700.8190137,1,18,0.0,0.0,1.0,0.0,0.0,0.0,52.0,0.0,172.0
204,205,2.0,2.0,3.0,0.0,4.0,2.649962700000287,78.5,14.0,0.26,color,orientation,size,0.38,-2.5,1,female,0,2700.8190137,0,18,0.0,1.0,1.0,0.0,1.0,0.0,53.0,0.0,173.0
205,206,2.0,2.0,2.0,1.0,4.0,1.3837032999999792,-7.0,15.0,0.3400000000000001,color,orientation,size,0.38,-2.5,1,female,0,2700.8190137,1,18,0.0,0.0,1.0,0.0,-1.0,0.0,54.0,0.0,174.0
206,207,2.0,3.0,2.0,0.0,4.0,2.0336521999997785,-79.0,18.0,0.38,color,orientation,size,0.38,-2.5,1,female,0,2700.8190137,0,18,0.0,1.0,1.0,0.0,1.0,0.0,55.0,0.0,175.0
207,208,2.0,1.0,0.0,0.0,4.0,1.4329851000002236,-47.5,2.0,0.38,color,orientation,size,0.38,-2.5,1,female,0,2700.8190137,1,18,0.0,1.0,1.0,0.0,-1.0,0.0,56.0,0.0,176.0
208,209,2.0,0.0,0.0,1.0,4.0,3.2327087000003303,-16.0,11.0,0.38,color,orientation,size,0.38,-2.5,1,female,0,2700.8190137,1,18,0.0,0.0,1.0,0.0,0.0,0.0,57.0,0.0,177.0
209,210,2.0,1.0,1.0,1.0,4.0,1.9835912999997165,74.0,1.0,0.3,color,orientation,size,0.38,-2.5,1,female,0,2700.8190137,0,18,0.0,0.0,1.0,0.0,1.0,0.0,58.0,0.0,178.0
210,211,2.0,1.0,1.0,1.0,4.0,2.3332502000002933,87.5,1.0,0.3,color,orientation,size,0.38,-2.5,1,female,0,2700.8190137,0,18,0.0,0.0,1.0,0.0,0.0,0.0,59.0,0.0,179.0
211,212,2.0,1.0,1.0,1.0,4.0,3.099844099999246,60.5,12.0,0.14,color,orientation,size,0.38,-2.5,1,female,0,2700.8190137,0,18,0.0,0.0,1.0,0.0,0.0,0.0,60.0,0.0,180.0
212,213,2.0,1.0,1.0,1.0,4.0,1.4502973999997266,51.5,8.0,0.22,color,orientation,size,0.38,-2.5,1,female,0,2700.8190137,0,18,0.0,0.0,1.0,0.0,0.0,0.0,61.0,0.0,181.0
213,214,2.0,2.0,2.0,1.0,4.0,3.3331073999997898,-43.0,13.0,0.38,color,orientation,size,0.38,-2.5,1,female,0,2700.8190137,0,18,0.0,0.0,1.0,0.0,0.0,0.0,62.0,0.0,182.0
214,215,2.0,0.0,0.0,1.0,4.0,2.499357300000156,-61.0,2.0,0.22,color,orientation,size,0.38,-2.5,1,female,0,2700.8190137,0,18,0.0,0.0,1.0,0.0,0.0,0.0,63.0,0.0,183.0
215,216,2.0,3.0,3.0,1.0,4.0,3.6009892000001855,33.5,24.0,0.22,color,orientation,size,0.38,-2.5,1,female,0,2700.8190137,0,18,0.0,0.0,1.0,0.0,0.0,0.0,64.0,0.0,184.0
216,217,2.0,0.0,0.0,1.0,4.0,2.283920699999726,-43.0,10.0,0.26,color,orientation,size,0.38,-2.5,1,female,0,2700.8190137,0,18,0.0,0.0,1.0,0.0,0.0,0.0,65.0,0.0,185.0
217,218,2.0,0.0,0.0,1.0,4.0,1.8333726000000752,-7.0,7.0,0.3,color,orientation,size,0.38,-2.5,1,female,0,2700.8190137,0,18,0.0,0.0,1.0,0.0,0.0,0.0,66.0,0.0,186.0
218,219,3.0,7.0,2.0,0.0,8.0,9.915927799999736,56.0,2.0,0.3,color,orientation,size,0.38,-2.5,1,female,0,2700.8190137,1,18,0.0,0.0,2.0,0.0,0.0,0.0,67.0,1.0,0.0
219,220,3.0,7.0,7.0,1.0,8.0,1.882983499999682,69.5,17.0,0.4600000000000001,color,orientation,size,0.38,-2.5,1,female,0,2700.8190137,1,18,0.0,0.0,0.0,0.0,0.0,-1.0,68.0,2.0,0.0
220,221,3.0,5.0,6.0,0.0,8.0,10.532229200000074,33.5,20.0,0.14,color,orientation,size,0.38,-2.5,1,female,0,2700.8190137,0,18,0.0,0.0,2.0,0.0,0.0,2.0,69.0,3.0,0.0
221,222,3.0,0.0,0.0,1.0,8.0,2.882797500000379,-11.5,4.0,0.26,color,orientation,size,0.38,-2.5,1,female,0,2700.8190137,1,18,0.0,0.0,0.0,0.0,0.0,-2.0,70.0,4.0,0.0
222,223,3.0,3.0,2.0,0.0,8.0,2.3665154000000257,42.5,0.0,0.14,color,orientation,size,0.38,-2.5,1,female,0,2700.8190137,0,18,0.0,0.0,1.0,0.0,0.0,2.0,71.0,5.0,0.0
223,224,3.0,3.0,2.0,0.0,8.0,3.348945900000217,11.0,2.0,0.3400000000000001,color,orientation,size,0.38,-2.5,1,female,0,2700.8190137,1,18,0.0,0.0,1.0,0.0,0.0,-1.0,72.0,6.0,0.0
224,225,3.0,0.0,0.0,1.0,8.0,2.1329617999999755,-20.5,3.0,0.3,color,orientation,size,0.38,-2.5,1,female,0,2700.8190137,1,18,0.0,0.0,0.0,0.0,0.0,0.0,73.0,7.0,0.0
225,226,3.0,7.0,7.0,1.0,8.0,1.8661535999999617,15.5,21.0,0.4600000000000001,color,orientation,size,0.38,-2.5,1,female,0,2700.8190137,0,18,0.0,0.0,0.0,0.0,0.0,1.0,74.0,8.0,0.0
226,227,3.0,2.0,2.0,1.0,8.0,3.1155275000000984,69.5,7.0,0.18,color,orientation,size,0.38,-2.5,1,female,0,2700.8190137,0,18,0.0,0.0,0.0,0.0,0.0,0.0,75.0,9.0,0.0
227,228,3.0,0.0,0.0,1.0,8.0,2.4497792000001937,-16.0,5.0,0.3,color,orientation,size,0.38,-2.5,1,female,0,2700.8190137,0,18,0.0,0.0,0.0,0.0,0.0,0.0,76.0,10.0,0.0
228,229,3.0,0.0,0.0,1.0,8.0,1.9334256000001917,-16.0,0.0,0.14,color,orientation,size,0.38,-2.5,1,female,0,2700.8190137,0,18,0.0,0.0,0.0,0.0,0.0,0.0,77.0,11.0,0.0
229,230,3.0,2.0,2.0,1.0,8.0,2.735029699999359,6.5,2.0,0.26,color,orientation,size,0.38,-2.5,1,female,0,2700.8190137,0,18,0.0,0.0,0.0,0.0,0.0,0.0,78.0,12.0,0.0
230,231,3.0,7.0,7.0,1.0,8.0,2.13286270000026,29.0,14.0,0.38,color,orientation,size,0.38,-2.5,1,female,0,2700.8190137,0,18,0.0,0.0,0.0,0.0,0.0,0.0,79.0,13.0,0.0
231,232,3.0,0.0,1.0,0.0,8.0,2.0152271000006294,-16.0,9.0,0.38,color,orientation,size,0.38,-2.5,1,female,0,2700.8190137,0,18,0.0,0.0,1.0,0.0,0.0,0.0,80.0,14.0,0.0
232,233,3.0,5.0,4.0,0.0,8.0,2.7825543999997535,-70.0,19.0,0.26,color,orientation,size,0.38,-2.5,1,female,0,2700.8190137,1,18,0.0,0.0,1.0,0.0,0.0,-1.0,81.0,15.0,0.0
233,234,3.0,0.0,0.0,1.0,8.0,3.967474400000356,-74.5,12.0,0.3,color,orientation,size,0.38,-2.5,1,female,0,2700.8190137,1,18,0.0,0.0,0.0,0.0,0.0,0.0,82.0,16.0,0.0
234,235,3.0,7.0,7.0,1.0,8.0,2.2831984000004013,38.0,22.0,0.38,color,orientation,size,0.38,-2.5,1,female,0,2700.8190137,0,18,0.0,0.0,0.0,0.0,0.0,1.0,83.0,17.0,0.0
235,236,3.0,2.0,2.0,1.0,8.0,5.782246400000076,78.5,2.0,0.1,color,orientation,size,0.38,-2.5,1,female,0,2700.8190137,0,18,0.0,0.0,0.0,0.0,0.0,0.0,84.0,18.0,0.0
236,237,3.0,5.0,4.0,0.0,8.0,5.917213900000206,-61.0,23.0,0.18,color,orientation,size,0.38,-2.5,1,female,0,2700.8190137,0,18,0.0,0.0,1.0,0.0,0.0,0.0,85.0,19.0,0.0
237,238,3.0,5.0,6.0,0.0,8.0,6.366031999999905,-2.5,15.0,0.18,color,orientation,size,0.38,-2.5,1,female,0,2700.8190137,1,18,0.0,0.0,2.0,0.0,0.0,-1.0,86.0,20.0,0.0
238,239,3.0,2.0,2.0,1.0,8.0,3.349434400000064,29.0,5.0,0.22,color,orientation,size,0.38,-2.5,1,female,0,2700.8190137,1,18,0.0,0.0,0.0,0.0,0.0,-1.0,87.0,21.0,0.0
239,240,3.0,7.0,6.0,0.0,8.0,4.5995646999999735,65.0,24.0,0.3,color,orientation,size,0.38,-2.5,1,female,0,2700.8190137,0,18,0.0,0.0,1.0,0.0,0.0,2.0,88.0,22.0,0.0
240,241,3.0,1.0,1.0,1.0,8.0,4.866157299999941,-88.0,1.0,0.42,color,orientation,size,0.38,-2.5,1,female,0,2700.8190137,1,18,0.0,0.0,0.0,0.0,0.0,-1.0,89.0,23.0,0.0
241,242,3.0,7.0,6.0,0.0,8.0,2.633654999999635,6.5,16.0,0.22,color,orientation,size,0.38,-2.5,1,female,0,2700.8190137,0,18,0.0,0.0,1.0,0.0,0.0,1.0,90.0,24.0,0.0
242,243,3.0,5.0,5.0,1.0,8.0,2.648697500000708,-16.0,18.0,0.4600000000000001,color,orientation,size,0.38,-2.5,1,female,0,2700.8190137,1,18,0.0,0.0,0.0,0.0,0.0,-1.0,91.0,25.0,0.0
243,244,3.0,7.0,6.0,0.0,8.0,4.650070599999708,2.0,24.0,0.3400000000000001,color,orientation,size,0.38,-2.5,1,female,0,2700.8190137,0,18,0.0,0.0,1.0,0.0,0.0,1.0,92.0,26.0,0.0
244,245,3.0,2.0,3.0,0.0,8.0,2.5650625000007494,69.5,6.0,0.38,color,orientation,size,0.38,-2.5,1,female,0,2700.8190137,1,18,0.0,0.0,1.0,0.0,0.0,-1.0,93.0,27.0,0.0
245,246,1.0,1.0,1.0,1.0,2.0,3.3752744000003077,6.5,20.0,0.3,color,orientation,size,0.38,-2.5,1,female,0,2700.8190137,1,18,0.0,0.0,1.0,0.0,0.0,-1.0,0.0,28.0,1.0
246,247,1.0,1.0,1.0,1.0,2.0,0.7505090000004202,-65.5,15.0,0.14,color,orientation,size,0.38,-2.5,1,female,0,2700.8190137,0,18,0.0,0.0,1.0,0.0,0.0,-1.0,0.0,29.0,2.0
247,248,1.0,0.0,0.0,1.0,2.0,1.0835871999997837,-16.0,4.0,0.26,color,orientation,size,0.38,-2.5,1,female,0,2700.8190137,0,18,0.0,0.0,1.0,0.0,0.0,-1.0,0.0,30.0,3.0
248,249,1.0,0.0,0.0,1.0,2.0,1.384082999999919,-52.0,10.0,0.1,color,orientation,size,0.38,-2.5,1,female,0,2700.8190137,0,18,0.0,0.0,1.0,0.0,0.0,-1.0,0.0,31.0,4.0
249,250,1.0,1.0,1.0,1.0,2.0,1.8997698000002856,38.0,20.0,0.38,color,orientation,size,0.38,-2.5,1,female,0,2700.8190137,0,18,0.0,0.0,1.0,0.0,0.0,-1.0,0.0,32.0,5.0
250,251,1.0,0.0,0.0,1.0,2.0,1.0004297000004954,-43.0,4.0,0.26,color,orientation,size,0.38,-2.5,1,female,0,2700.8190137,0,18,0.0,0.0,1.0,0.0,0.0,-1.0,0.0,33.0,6.0
251,252,1.0,1.0,0.0,0.0,2.0,0.8503455000000031,38.0,6.0,0.14,color,orientation,size,0.38,-2.5,1,female,0,2700.8190137,0,18,1.0,0.0,1.0,0.0,0.0,-1.0,0.0,34.0,7.0
252,253,1.0,1.0,1.0,1.0,2.0,1.2929710000007617,42.5,16.0,0.1,color,orientation,size,0.38,-2.5,1,female,0,2700.8190137,1,18,0.0,0.0,1.0,-1.0,0.0,-1.0,0.0,35.0,8.0
253,254,1.0,1.0,1.0,1.0,2.0,0.8342705000004571,-25.0,14.0,0.14,color,orientation,size,0.38,-2.5,1,female,0,2700.8190137,0,18,0.0,0.0,1.0,1.0,0.0,-1.0,0.0,36.0,9.0
254,255,1.0,0.0,0.0,1.0,2.0,1.1174847000002046,-79.0,5.0,0.22,color,orientation,size,0.38,-2.5,1,female,0,2700.8190137,0,18,0.0,0.0,1.0,0.0,0.0,-1.0,0.0,37.0,10.0
255,256,1.0,1.0,1.0,1.0,2.0,1.4334114000002955,56.0,21.0,0.22,color,orientation,size,0.38,-2.5,1,female,0,2700.8190137,0,18,0.0,0.0,1.0,0.0,0.0,-1.0,0.0,38.0,11.0
256,257,1.0,0.0,0.0,1.0,2.0,1.9501540999999631,38.0,12.0,0.26,color,orientation,size,0.38,-2.5,1,female,0,2700.8190137,0,18,0.0,0.0,1.0,0.0,0.0,-1.0,0.0,39.0,12.0
257,258,1.0,0.0,0.0,1.0,2.0,0.9174087000001236,78.5,6.0,0.4600000000000001,color,orientation,size,0.38,-2.5,1,female,0,2700.8190137,0,18,0.0,0.0,1.0,0.0,0.0,-1.0,0.0,40.0,13.0
258,259,1.0,0.0,0.0,1.0,2.0,0.8841754999994009,-20.5,10.0,0.38,color,orientation,size,0.38,-2.5,1,female,0,2700.8190137,0,18,0.0,0.0,1.0,0.0,0.0,-1.0,0.0,41.0,14.0
259,260,1.0,1.0,1.0,1.0,2.0,1.4838650000001508,-38.5,20.0,0.18,color,orientation,size,0.38,-2.5,1,female,0,2700.8190137,0,18,0.0,0.0,1.0,0.0,0.0,-1.0,0.0,42.0,15.0
260,261,1.0,0.0,0.0,1.0,2.0,1.1839947999997094,-65.5,7.0,0.18,color,orientation,size,0.38,-2.5,1,female,0,2700.8190137,0,18,0.0,0.0,1.0,0.0,0.0,-1.0,0.0,43.0,16.0
261,262,1.0,1.0,1.0,1.0,2.0,1.250759399999879,2.0,21.0,0.22,color,orientation,size,0.38,-2.5,1,female,0,2700.8190137,0,18,0.0,0.0,1.0,0.0,0.0,-1.0,0.0,44.0,17.0
262,263,2.0,0.0,0.0,1.0,4.0,3.6006214000008185,-29.5,1.0,0.22,color,orientation,size,0.38,-2.5,1,female,0,2700.8190137,1,18,0.0,0.0,1.0,0.0,0.0,-1.0,1.0,0.0,18.0
263,264,2.0,0.0,0.0,1.0,4.0,1.3169607999998334,-43.0,2.0,0.42,color,orientation,size,0.38,-2.5,1,female,0,2700.8190137,0,18,0.0,0.0,1.0,0.0,0.0,-1.0,2.0,0.0,19.0
264,265,2.0,3.0,3.0,1.0,4.0,3.3673171000000366,56.0,19.0,0.3,color,orientation,size,0.38,-2.5,1,female,0,2700.8190137,0,18,0.0,0.0,1.0,0.0,0.0,-1.0,3.0,0.0,20.0
265,266,2.0,2.0,3.0,0.0,4.0,3.416318399999909,-2.5,13.0,0.38,color,orientation,size,0.38,-2.5,1,female,0,2700.8190137,0,18,0.0,1.0,1.0,0.0,0.0,-1.0,4.0,0.0,21.0
266,267,2.0,2.0,2.0,1.0,4.0,2.5159543999998277,-11.5,19.0,0.26,color,orientation,size,0.38,-2.5,1,female,0,2700.8190137,1,18,0.0,0.0,1.0,0.0,-1.0,-1.0,5.0,0.0,22.0
267,268,2.0,3.0,3.0,1.0,4.0,2.848734500000319,87.5,18.0,0.1,color,orientation,size,0.38,-2.5,1,female,0,2700.8190137,0,18,0.0,0.0,1.0,0.0,1.0,-1.0,6.0,0.0,23.0
268,269,2.0,3.0,3.0,1.0,4.0,2.066366100000778,29.0,20.0,0.26,color,orientation,size,0.38,-2.5,1,female,0,2700.8190137,0,18,0.0,0.0,1.0,0.0,0.0,-1.0,7.0,0.0,24.0
269,270,2.0,2.0,2.0,1.0,4.0,1.650786500000322,-88.0,18.0,0.3400000000000001,color,orientation,size,0.38,-2.5,1,female,0,2700.8190137,0,18,0.0,0.0,1.0,0.0,0.0,-1.0,8.0,0.0,25.0
270,271,2.0,2.0,2.0,1.0,4.0,1.866769999999633,-25.0,21.0,0.42,color,orientation,size,0.38,-2.5,1,female,0,2700.8190137,0,18,0.0,0.0,1.0,0.0,0.0,-1.0,9.0,0.0,26.0
271,272,2.0,2.0,2.0,1.0,4.0,1.7668465999995533,-38.5,19.0,0.14,color,orientation,size,0.38,-2.5,1,female,0,2700.8190137,0,18,0.0,0.0,1.0,0.0,0.0,-1.0,10.0,0.0,27.0
272,273,2.0,2.0,2.0,1.0,4.0,1.4016352999997252,-61.0,23.0,0.26,color,orientation,size,0.38,-2.5,1,female,0,2700.8190137,0,18,0.0,0.0,1.0,0.0,0.0,-1.0,11.0,0.0,28.0
273,274,2.0,0.0,0.0,1.0,4.0,1.800192099999549,-52.0,1.0,0.18,color,orientation,size,0.38,-2.5,1,female,0,2700.8190137,0,18,0.0,0.0,1.0,0.0,0.0,-1.0,12.0,0.0,29.0
274,275,2.0,2.0,2.0,1.0,4.0,3.0340842999994493,-7.0,24.0,0.42,color,orientation,size,0.38,-2.5,1,female,0,2700.8190137,0,18,0.0,0.0,1.0,0.0,0.0,-1.0,13.0,0.0,30.0
275,276,2.0,1.0,1.0,1.0,4.0,3.58413340000061,69.5,9.0,0.18,color,orientation,size,0.38,-2.5,1,female,0,2700.8190137,0,18,0.0,0.0,1.0,0.0,0.0,-1.0,14.0,0.0,31.0
276,277,3.0,3.0,2.0,0.0,8.0,4.965251700000408,15.5,11.0,0.1,color,orientation,size,0.38,-2.5,1,female,0,2700.8190137,1,18,0.0,0.0,1.0,0.0,0.0,0.0,15.0,1.0,0.0
277,278,3.0,3.0,3.0,1.0,8.0,23.433080699999664,11.0,3.0,0.4600000000000001,color,orientation,size,0.38,-2.5,1,female,0,2700.8190137,1,18,0.0,0.0,0.0,0.0,0.0,0.0,16.0,2.0,0.0
278,279,3.0,0.0,0.0,1.0,8.0,8.133437800000138,-25.0,10.0,0.18,color,orientation,size,0.38,-2.5,1,female,0,2700.8190137,0,18,0.0,0.0,0.0,0.0,0.0,1.0,17.0,3.0,0.0
279,280,3.0,1.0,0.0,0.0,8.0,8.049480399999993,-25.0,9.0,0.1,color,orientation,size,0.38,-2.5,1,female,0,2700.8190137,0,18,0.0,0.0,1.0,0.0,0.0,0.0,18.0,4.0,0.0
280,281,3.0,7.0,6.0,0.0,8.0,12.015518399999564,47.0,19.0,0.26,color,orientation,size,0.38,-2.5,1,female,0,2700.8190137,1,18,0.0,0.0,1.0,0.0,0.0,-1.0,19.0,5.0,0.0
281,282,3.0,4.0,4.0,1.0,8.0,21.39848939999956,-25.0,18.0,0.22,color,orientation,size,0.38,-2.5,1,female,0,2700.8190137,1,18,0.0,0.0,0.0,0.0,0.0,0.0,20.0,6.0,0.0
282,283,3.0,4.0,4.0,1.0,8.0,6.633253500000137,-65.5,22.0,0.14,color,orientation,size,0.38,-2.5,1,female,0,2700.8190137,0,18,0.0,0.0,0.0,0.0,0.0,1.0,21.0,7.0,0.0
283,284,3.0,3.0,3.0,1.0,8.0,9.050300300000345,38.0,10.0,0.4600000000000001,color,orientation,size,0.38,-2.5,1,female,0,2700.8190137,0,18,0.0,0.0,0.0,0.0,0.0,0.0,22.0,8.0,0.0
284,285,3.0,6.0,6.0,1.0,8.0,6.883876300000338,65.0,18.0,0.3,color,orientation,size,0.38,-2.5,1,female,0,2700.8190137,0,18,0.0,0.0,0.0,0.0,0.0,0.0,23.0,9.0,0.0
285,286,3.0,6.0,7.0,0.0,8.0,2.733138999999938,69.5,13.0,0.4600000000000001,color,orientation,size,0.38,-2.5,1,female,0,2700.8190137,0,18,0.0,0.0,1.0,0.0,0.0,0.0,24.0,10.0,0.0
286,287,3.0,0.0,1.0,0.0,8.0,4.916267799999332,-83.5,10.0,0.42,color,orientation,size,0.38,-2.5,1,female,0,2700.8190137,1,18,0.0,0.0,1.0,0.0,0.0,-1.0,25.0,11.0,0.0
287,288,3.0,6.0,6.0,1.0,8.0,9.482223099999828,33.5,16.0,0.22,color,orientation,size,0.38,-2.5,1,female,0,2700.8190137,1,18,0.0,0.0,0.0,0.0,0.0,0.0,26.0,12.0,0.0
288,289,3.0,5.0,7.0,0.0,8.0,4.799846400000206,-2.5,17.0,0.42,color,orientation,size,0.38,-2.5,1,female,0,2700.8190137,0,18,0.0,0.0,1.0,0.0,0.0,1.0,27.0,13.0,0.0
289,290,3.0,0.0,0.0,1.0,8.0,13.532773500000076,-65.5,3.0,0.22,color,orientation,size,0.38,-2.5,1,female,0,2700.8190137,1,18,0.0,0.0,0.0,0.0,0.0,-1.0,28.0,14.0,0.0
290,291,3.0,4.0,5.0,0.0,8.0,4.18326849999994,-70.0,18.0,0.4600000000000001,color,orientation,size,0.38,-2.5,1,female,0,2700.8190137,0,18,0.0,0.0,1.0,0.0,0.0,1.0,29.0,15.0,0.0
291,292,3.0,4.0,4.0,1.0,8.0,3.466106699999727,-16.0,15.0,0.22,color,orientation,size,0.38,-2.5,1,female,0,2700.8190137,1,18,0.0,0.0,0.0,0.0,0.0,-1.0,30.0,16.0,0.0
292,293,3.0,5.0,4.0,0.0,8.0,4.132963299999574,-74.5,24.0,0.3400000000000001,color,orientation,size,0.38,-2.5,1,female,0,2700.8190137,0,18,0.0,0.0,1.0,0.0,0.0,1.0,31.0,17.0,0.0
293,294,3.0,0.0,0.0,1.0,8.0,5.398192599999675,-47.5,6.0,0.18,color,orientation,size,0.38,-2.5,1,female,0,2700.8190137,1,18,0.0,0.0,0.0,0.0,0.0,-1.0,32.0,18.0,0.0
294,295,3.0,4.0,4.0,1.0,8.0,10.867215600000236,-11.5,14.0,0.3,color,orientation,size,0.38,-2.5,1,female,0,2700.8190137,0,18,0.0,0.0,0.0,0.0,0.0,1.0,33.0,19.0,0.0
295,296,3.0,0.0,3.0,0.0,8.0,10.0664239000007,83.0,9.0,0.38,color,orientation,size,0.38,-2.5,1,female,0,2700.8190137,0,18,0.0,0.0,2.0,0.0,0.0,0.0,34.0,20.0,0.0
296,297,3.0,3.0,2.0,0.0,8.0,4.782323600000382,60.5,12.0,0.18,color,orientation,size,0.38,-2.5,1,female,0,2700.8190137,1,18,0.0,0.0,1.0,0.0,0.0,-2.0,35.0,21.0,0.0
297,298,3.0,3.0,0.0,0.0,8.0,5.714995500000441,-52.0,11.0,0.1,color,orientation,size,0.38,-2.5,1,female,0,2700.8190137,1,18,0.0,0.0,2.0,0.0,0.0,1.0,36.0,22.0,0.0
298,299,2.0,3.0,3.0,1.0,4.0,2.7000104999997347,56.0,24.0,0.4600000000000001,color,orientation,size,0.38,-2.5,1,female,0,2700.8190137,1,18,0.0,0.0,2.0,0.0,0.0,1.0,37.0,0.0,1.0
299,300,2.0,2.0,2.0,1.0,4.0,3.0338541999999507,-65.5,22.0,0.3400000000000001,color,orientation,size,0.38,-2.5,1,female,0,2700.8190137,0,18,0.0,0.0,2.0,0.0,0.0,1.0,38.0,0.0,2.0
300,301,2.0,1.0,0.0,0.0,4.0,2.2173920000004728,-88.0,7.0,0.26,color,orientation,size,0.38,-2.5,1,female,0,2700.8190137,0,18,0.0,1.0,2.0,0.0,0.0,1.0,39.0,0.0,3.0
301,302,2.0,0.0,0.0,1.0,4.0,1.3483956000000037,-43.0,1.0,0.38,color,orientation,size,0.38,-2.5,1,female,0,2700.8190137,1,18,0.0,0.0,2.0,0.0,-1.0,1.0,40.0,0.0,4.0
302,303,2.0,1.0,0.0,0.0,4.0,3.0492302999991807,-83.5,4.0,0.42,color,orientation,size,0.38,-2.5,1,female,0,2700.8190137,0,18,0.0,1.0,2.0,0.0,1.0,1.0,41.0,0.0,5.0
303,304,3.0,3.0,2.0,0.0,8.0,3.449122400000306,65.0,12.0,0.18,color,orientation,size,0.38,-2.5,1,female,0,2700.8190137,1,18,0.0,1.0,1.0,0.0,1.0,0.0,42.0,1.0,0.0
304,305,3.0,4.0,5.0,0.0,8.0,2.799956199999542,-25.0,24.0,0.42,color,orientation,size,0.38,-2.5,1,female,0,2700.8190137,1,18,0.0,1.0,1.0,0.0,1.0,1.0,43.0,2.0,0.0
305,306,3.0,5.0,4.0,0.0,8.0,1.1007653999995457,-52.0,17.0,0.3,color,orientation,size,0.38,-2.5,1,female,0,2700.8190137,1,18,0.0,1.0,1.0,0.0,1.0,0.0,44.0,3.0,0.0
306,307,3.0,7.0,7.0,1.0,8.0,3.8500997000001007,6.5,19.0,0.42,color,orientation,size,0.38,-2.5,1,female,0,2700.8190137,1,18,0.0,1.0,0.0,0.0,1.0,0.0,45.0,4.0,0.0
307,308,3.0,0.0,0.0,1.0,8.0,1.683426700000382,-7.0,10.0,0.22,color,orientation,size,0.38,-2.5,1,female,0,2700.8190137,0,18,0.0,1.0,0.0,0.0,1.0,1.0,46.0,5.0,0.0
308,309,3.0,3.0,2.0,0.0,8.0,11.166379599999344,38.0,2.0,0.3,color,orientation,size,0.38,-2.5,1,female,0,2700.8190137,0,18,0.0,1.0,1.0,0.0,1.0,0.0,47.0,6.0,0.0
309,310,3.0,6.0,6.0,1.0,8.0,5.933082499999728,6.5,24.0,0.3,color,orientation,size,0.38,-2.5,1,female,0,2700.8190137,1,18,0.0,1.0,0.0,0.0,1.0,-1.0,48.0,7.0,0.0
310,311,3.0,3.0,2.0,0.0,8.0,4.767520800000057,29.0,12.0,0.18,color,orientation,size,0.38,-2.5,1,female,0,2700.8190137,0,18,0.0,1.0,1.0,0.0,1.0,1.0,49.0,8.0,0.0
311,312,3.0,4.0,4.0,1.0,8.0,4.032409600000392,-20.5,20.0,0.1,color,orientation,size,0.38,-2.5,1,female,0,2700.8190137,1,18,0.0,1.0,0.0,0.0,1.0,-1.0,50.0,9.0,0.0
312,313,3.0,5.0,4.0,0.0,8.0,5.36683020000055,-29.5,15.0,0.22,color,orientation,size,0.38,-2.5,1,female,0,2700.8190137,0,18,0.0,1.0,1.0,0.0,1.0,1.0,51.0,10.0,0.0
313,314,3.0,0.0,3.0,0.0,8.0,3.749597799999719,29.0,4.0,0.4600000000000001,color,orientation,size,0.38,-2.5,1,female,0,2700.8190137,1,18,0.0,1.0,2.0,0.0,1.0,-1.0,52.0,11.0,0.0
314,315,3.0,3.0,1.0,0.0,8.0,2.6661292999997386,-25.0,1.0,0.42,color,orientation,size,0.38,-2.5,1,female,0,2700.8190137,1,18,0.0,1.0,1.0,0.0,1.0,-1.0,53.0,12.0,0.0
315,316,3.0,1.0,2.0,0.0,8.0,6.5817981000000145,47.0,11.0,0.22,color,orientation,size,0.38,-2.5,1,female,0,2700.8190137,1,18,0.0,1.0,2.0,0.0,1.0,1.0,54.0,13.0,0.0
316,317,2.0,3.0,3.0,1.0,4.0,5.782446800000798,29.0,23.0,0.1,color,orientation,size,0.38,-2.5,1,female,0,2700.8190137,1,18,0.0,0.0,2.0,0.0,0.0,1.0,55.0,0.0,1.0
317,318,2.0,0.0,0.0,1.0,4.0,3.6667476000002353,-25.0,3.0,0.14,color,orientation,size,0.38,-2.5,1,female,0,2700.8190137,0,18,0.0,0.0,2.0,0.0,1.0,1.0,56.0,0.0,2.0
318,319,2.0,3.0,3.0,1.0,4.0,4.233343599999898,6.5,16.0,0.42,color,orientation,size,0.38,-2.5,1,female,0,2700.8190137,0,18,0.0,0.0,2.0,0.0,0.0,1.0,57.0,0.0,3.0
319,320,2.0,1.0,1.0,1.0,4.0,2.400566500000423,38.0,5.0,0.22,color,orientation,size,0.38,-2.5,1,female,0,2700.8190137,0,18,0.0,0.0,2.0,0.0,0.0,1.0,58.0,0.0,4.0
320,321,2.0,0.0,0.0,1.0,4.0,1.3501835000006397,-25.0,5.0,0.42,color,orientation,size,0.38,-2.5,1,female,0,2700.8190137,0,18,0.0,0.0,2.0,0.0,0.0,1.0,59.0,0.0,5.0
321,322,2.0,0.0,0.0,1.0,4.0,2.85015199999998,-79.0,8.0,0.14,color,orientation,size,0.38,-2.5,1,female,0,2700.8190137,0,18,0.0,0.0,2.0,0.0,0.0,1.0,60.0,0.0,6.0
322,323,2.0,0.0,0.0,1.0,4.0,1.883821800000078,-25.0,8.0,0.26,color,orientation,size,0.38,-2.5,1,female,0,2700.8190137,0,18,0.0,0.0,2.0,0.0,0.0,1.0,61.0,0.0,7.0
323,324,2.0,3.0,3.0,1.0,4.0,2.35123029999977,65.0,15.0,0.42,color,orientation,size,0.38,-2.5,1,female,0,2700.8190137,0,18,0.0,0.0,2.0,0.0,0.0,1.0,62.0,0.0,8.0
324,325,2.0,0.0,0.0,1.0,4.0,1.2500200999993467,-34.0,9.0,0.42,color,orientation,size,0.38,-2.5,1,female,0,2700.8190137,0,18,0.0,0.0,2.0,0.0,0.0,1.0,63.0,0.0,9.0
325,326,2.0,3.0,3.0,1.0,4.0,1.267083900000216,6.5,17.0,0.22,color,orientation,size,0.38,-2.5,1,female,0,2700.8190137,0,18,0.0,0.0,2.0,0.0,0.0,1.0,64.0,0.0,10.0
326,327,3.0,7.0,7.0,1.0,8.0,3.2990231000003405,33.5,19.0,0.42,color,orientation,size,0.38,-2.5,1,female,0,2700.8190137,1,18,0.0,0.0,0.0,0.0,0.0,0.0,65.0,1.0,0.0
327,328,3.0,7.0,6.0,0.0,8.0,3.3494685999994545,78.5,17.0,0.22,color,orientation,size,0.38,-2.5,1,female,0,2700.8190137,0,18,0.0,0.0,1.0,0.0,0.0,2.0,66.0,2.0,0.0
328,329,3.0,7.0,6.0,0.0,8.0,2.7658425999998144,38.0,23.0,0.1,color,orientation,size,0.38,-2.5,1,female,0,2700.8190137,1,18,0.0,0.0,1.0,0.0,0.0,-1.0,67.0,3.0,0.0
329,330,3.0,7.0,6.0,0.0,8.0,2.3818622999997388,2.0,23.0,0.22,color,orientation,size,0.38,-2.5,1,female,0,2700.8190137,1,18,0.0,0.0,1.0,0.0,0.0,0.0,68.0,4.0,0.0
330,331,3.0,6.0,7.0,0.0,8.0,1.5324725999998918,78.5,14.0,0.38,color,orientation,size,0.38,-2.5,1,female,0,2700.8190137,1,18,0.0,0.0,1.0,0.0,0.0,0.0,69.0,5.0,0.0
331,332,3.0,1.0,0.0,0.0,8.0,3.883113000000776,-88.0,3.0,0.3,color,orientation,size,0.38,-2.5,1,female,0,2700.8190137,1,18,0.0,0.0,1.0,0.0,0.0,0.0,70.0,6.0,0.0
332,333,3.0,4.0,4.0,1.0,8.0,2.349196399999528,-7.0,22.0,0.22,color,orientation,size,0.38,-2.5,1,female,0,2700.8190137,1,18,0.0,0.0,0.0,0.0,0.0,0.0,71.0,7.0,0.0
333,334,3.0,3.0,3.0,1.0,8.0,2.684013500000219,6.5,9.0,0.42,color,orientation,size,0.38,-2.5,1,female,0,2700.8190137,0,18,0.0,0.0,0.0,0.0,0.0,1.0,72.0,8.0,0.0
334,335,3.0,7.0,6.0,0.0,8.0,3.8825630999999703,29.0,19.0,0.3,color,orientation,size,0.38,-2.5,1,female,0,2700.8190137,0,18,0.0,0.0,1.0,0.0,0.0,0.0,73.0,9.0,0.0
335,336,3.0,0.0,0.0,1.0,8.0,9.532824700000674,-70.0,12.0,0.22,color,orientation,size,0.38,-2.5,1,female,0,2700.8190137,1,18,0.0,0.0,0.0,0.0,0.0,-1.0,74.0,10.0,0.0
336,337,3.0,7.0,6.0,0.0,8.0,7.483833199999936,33.5,15.0,0.3,color,orientation,size,0.38,-2.5,1,female,0,2700.8190137,0,18,0.0,0.0,1.0,0.0,0.0,1.0,75.0,11.0,0.0
337,338,3.0,4.0,6.0,0.0,8.0,9.265355699999418,-2.5,15.0,0.18,color,orientation,size,0.38,-2.5,1,female,0,2700.8190137,1,18,0.0,0.0,1.0,0.0,0.0,-1.0,76.0,12.0,0.0
338,339,3.0,1.0,0.0,0.0,8.0,8.33267049999995,-65.5,1.0,0.14,color,orientation,size,0.38,-2.5,1,female,0,2700.8190137,1,18,0.0,0.0,1.0,0.0,0.0,0.0,77.0,13.0,0.0
339,340,3.0,6.0,6.0,1.0,8.0,2.4322086000001946,60.5,16.0,0.14,color,orientation,size,0.38,-2.5,1,female,0,2700.8190137,1,18,0.0,0.0,0.0,0.0,0.0,0.0,78.0,14.0,0.0
340,341,3.0,2.0,0.0,0.0,8.0,3.11677200000031,-7.0,9.0,0.18,color,orientation,size,0.38,-2.5,1,female,0,2700.8190137,0,18,0.0,0.0,1.0,0.0,0.0,1.0,79.0,15.0,0.0
341,342,3.0,0.0,0.0,1.0,8.0,3.8321026000003258,-61.0,0.0,0.1,color,orientation,size,0.38,-2.5,1,female,0,2700.8190137,1,18,0.0,0.0,0.0,0.0,0.0,-1.0,80.0,16.0,0.0
342,343,3.0,3.0,3.0,1.0,8.0,2.6666119999999864,24.5,8.0,0.38,color,orientation,size,0.38,-2.5,1,female,0,2700.8190137,0,18,0.0,0.0,0.0,0.0,0.0,1.0,81.0,17.0,0.0
343,344,3.0,3.0,3.0,1.0,8.0,1.0665682999997443,33.5,1.0,0.38,color,orientation,size,0.38,-2.5,1,female,0,2700.8190137,0,18,0.0,0.0,0.0,0.0,0.0,0.0,82.0,18.0,0.0
344,345,3.0,3.0,3.0,1.0,8.0,0.8164372999999614,15.5,12.0,0.42,color,orientation,size,0.38,-2.5,1,female,0,2700.8190137,0,18,0.0,0.0,0.0,0.0,0.0,0.0,83.0,19.0,0.0
345,346,3.0,5.0,4.0,0.0,8.0,2.066607499999918,-79.0,20.0,0.18,color,orientation,size,0.38,-2.5,1,female,0,2700.8190137,0,18,0.0,0.0,1.0,0.0,0.0,0.0,84.0,20.0,0.0
346,347,3.0,7.0,5.0,0.0,8.0,1.4991590999998152,-88.0,22.0,0.42,color,orientation,size,0.38,-2.5,1,female,0,2700.8190137,1,18,0.0,0.0,1.0,0.0,0.0,-1.0,85.0,21.0,0.0
347,348,3.0,4.0,6.0,0.0,8.0,1.6158101000000895,60.5,17.0,0.14,color,orientation,size,0.38,-2.5,1,female,0,2700.8190137,1,18,0.0,0.0,1.0,0.0,0.0,0.0,86.0,22.0,0.0
348,349,3.0,3.0,1.0,0.0,8.0,2.4655233000003136,-20.5,7.0,0.38,color,orientation,size,0.38,-2.5,1,female,0,2700.8190137,1,18,0.0,0.0,1.0,0.0,0.0,0.0,87.0,23.0,0.0
349,350,3.0,7.0,6.0,0.0,8.0,4.981983000000582,47.0,14.0,0.14,color,orientation,size,0.38,-2.5,1,female,0,2700.8190137,1,18,0.0,0.0,1.0,0.0,0.0,0.0,88.0,24.0,0.0
350,351,3.0,3.0,1.0,0.0,8.0,3.1993044999999256,-47.5,10.0,0.42,color,orientation,size,0.38,-2.5,1,female,0,2700.8190137,1,18,0.0,0.0,1.0,0.0,0.0,0.0,89.0,25.0,0.0
351,352,3.0,7.0,6.0,0.0,8.0,6.199144100000012,78.5,17.0,0.3,color,orientation,size,0.38,-2.5,1,female,0,2700.8190137,1,18,0.0,0.0,1.0,0.0,0.0,0.0,90.0,26.0,0.0
352,353,3.0,4.0,5.0,0.0,8.0,2.383580400000028,-56.5,19.0,0.42,color,orientation,size,0.38,-2.5,1,female,0,2700.8190137,1,18,0.0,0.0,1.0,0.0,0.0,0.0,91.0,27.0,0.0
353,354,3.0,4.0,7.0,0.0,8.0,14.749208700000054,33.5,23.0,0.38,color,orientation,size,0.38,-2.5,1,female,0,2700.8190137,1,18,0.0,0.0,2.0,0.0,0.0,0.0,92.0,28.0,0.0
354,355,3.0,4.0,4.0,1.0,8.0,2.248817599999711,-52.0,18.0,0.3400000000000001,color,orientation,size,0.38,-2.5,1,female,0,2700.8190137,1,18,0.0,0.0,0.0,0.0,0.0,-1.0,93.0,29.0,0.0
355,356,3.0,5.0,4.0,0.0,8.0,4.433584299999893,-79.0,21.0,0.14,color,orientation,size,0.38,-2.5,1,female,0,2700.8190137,0,18,0.0,0.0,1.0,0.0,0.0,2.0,94.0,30.0,0.0
356,357,3.0,7.0,6.0,0.0,8.0,3.915954600000078,29.0,23.0,0.1,color,orientation,size,0.38,-2.5,1,female,0,2700.8190137,1,18,0.0,0.0,1.0,0.0,0.0,-1.0,95.0,31.0,0.0
357,358,3.0,0.0,2.0,0.0,8.0,12.315631099999337,-2.5,11.0,0.3,color,orientation,size,0.38,-2.5,1,female,0,2700.8190137,1,18,0.0,0.0,1.0,0.0,0.0,0.0,96.0,32.0,0.0
358,359,3.0,6.0,7.0,0.0,8.0,6.249080499999764,20.0,16.0,0.42,color,orientation,size,0.38,-2.5,1,female,0,2700.8190137,1,18,0.0,0.0,1.0,0.0,0.0,0.0,97.0,33.0,0.0
359,360,3.0,5.0,6.0,0.0,8.0,14.715910000000804,29.0,22.0,0.3,color,orientation,size,0.38,-2.5,1,female,0,2700.8190137,1,18,0.0,0.0,2.0,0.0,0.0,0.0,98.0,34.0,0.0
360,361,3.0,4.0,2.0,0.0,8.0,3.39805669999987,78.5,12.0,0.18,color,orientation,size,0.38,-2.5,1,female,0,2700.8190137,1,18,0.0,0.0,2.0,0.0,0.0,-1.0,99.0,35.0,0.0
361,362,3.0,7.0,7.0,1.0,8.0,2.848830299999463,15.5,16.0,0.42,color,orientation,size,0.38,-2.5,1,female,0,2700.8190137,1,18,0.0,0.0,0.0,0.0,0.0,0.0,100.0,36.0,0.0
362,363,3.0,0.0,1.0,0.0,8.0,1.582985899999585,-38.5,9.0,0.38,color,orientation,size,0.38,-2.5,1,female,0,2700.8190137,0,18,0.0,0.0,1.0,0.0,0.0,2.0,101.0,37.0,0.0
363,364,3.0,4.0,4.0,1.0,8.0,1.9653239999997825,-74.5,20.0,0.22,color,orientation,size,0.38,-2.5,1,female,0,2700.8190137,1,18,0.0,0.0,0.0,0.0,0.0,-1.0,102.0,38.0,0.0
364,365,3.0,3.0,2.0,0.0,8.0,2.850901900000281,38.0,7.0,0.3,color,orientation,size,0.38,-2.5,1,female,0,2700.8190137,0,18,0.0,0.0,1.0,0.0,0.0,1.0,103.0,39.0,0.0
365,366,3.0,1.0,1.0,1.0,8.0,4.04956089999996,-65.5,6.0,0.42,color,orientation,size,0.38,-2.5,1,female,0,2700.8190137,1,18,0.0,0.0,0.0,0.0,0.0,-1.0,104.0,40.0,0.0
366,367,3.0,7.0,4.0,0.0,8.0,4.350552300000345,-29.5,22.0,0.3400000000000001,color,orientation,size,0.38,-2.5,1,female,0,2700.8190137,0,18,0.0,0.0,2.0,0.0,0.0,1.0,105.0,41.0,0.0
367,368,3.0,3.0,3.0,1.0,8.0,8.932726699999876,56.0,8.0,0.38,color,orientation,size,0.38,-2.5,1,female,0,2700.8190137,1,18,0.0,0.0,0.0,0.0,0.0,-2.0,106.0,42.0,0.0
368,369,3.0,2.0,2.0,1.0,8.0,3.166961099999753,83.0,10.0,0.1,color,orientation,size,0.38,-2.5,1,female,0,2700.8190137,0,18,0.0,0.0,0.0,0.0,0.0,2.0,107.0,43.0,0.0
369,370,3.0,3.0,2.0,0.0,8.0,1.80051579999963,69.5,8.0,0.3400000000000001,color,orientation,size,0.38,-2.5,1,female,0,2700.8190137,0,18,0.0,0.0,1.0,0.0,0.0,0.0,108.0,44.0,0.0
370,371,3.0,1.0,0.0,0.0,8.0,2.215467500000159,-47.5,11.0,0.26,color,orientation,size,0.38,-2.5,1,female,0,2700.8190137,1,18,0.0,0.0,1.0,0.0,0.0,-1.0,109.0,45.0,0.0
371,372,3.0,7.0,6.0,0.0,8.0,2.165403700000752,24.5,15.0,0.3400000000000001,color,orientation,size,0.38,-2.5,1,female,0,2700.8190137,1,18,0.0,0.0,1.0,0.0,0.0,0.0,110.0,46.0,0.0
372,373,3.0,3.0,4.0,0.0,8.0,1.633304599999974,-88.0,23.0,0.1,color,orientation,size,0.38,-2.5,1,female,0,2700.8190137,1,18,0.0,0.0,3.0,0.0,0.0,0.0,111.0,47.0,0.0
373,374,3.0,6.0,2.0,0.0,8.0,2.299569700000575,60.5,7.0,0.3400000000000001,color,orientation,size,0.38,-2.5,1,female,0,2700.8190137,1,18,0.0,0.0,1.0,0.0,0.0,-2.0,112.0,48.0,0.0
374,375,3.0,6.0,6.0,1.0,8.0,3.3492345000004207,56.0,23.0,0.1,color,orientation,size,0.38,-2.5,1,female,0,2700.8190137,1,18,0.0,0.0,0.0,0.0,0.0,2.0,113.0,49.0,0.0
375,376,3.0,4.0,4.0,1.0,8.0,6.2668126999997185,-34.0,20.0,0.14,color,orientation,size,0.38,-2.5,1,female,0,2700.8190137,0,18,0.0,0.0,0.0,0.0,0.0,1.0,114.0,50.0,0.0
376,377,3.0,3.0,2.0,0.0,8.0,8.199137500000688,42.5,5.0,0.22,color,orientation,size,0.38,-2.5,1,female,0,2700.8190137,0,18,0.0,0.0,1.0,0.0,0.0,0.0,115.0,51.0,0.0
377,378,3.0,4.0,4.0,1.0,8.0,3.1660146000003806,-47.5,22.0,0.3,color,orientation,size,0.38,-2.5,1,female,0,2700.8190137,1,18,0.0,0.0,0.0,0.0,0.0,-1.0,116.0,52.0,0.0
378,379,3.0,0.0,0.0,1.0,8.0,4.616312800000742,-25.0,5.0,0.22,color,orientation,size,0.38,-2.5,1,female,0,2700.8190137,0,18,0.0,0.0,0.0,0.0,0.0,1.0,117.0,53.0,0.0
379,380,3.0,4.0,4.0,1.0,8.0,3.1667236999992383,-70.0,18.0,0.18,color,orientation,size,0.38,-2.5,1,female,0,2700.8190137,0,18,0.0,0.0,0.0,0.0,0.0,0.0,118.0,54.0,0.0
380,381,3.0,3.0,0.0,0.0,8.0,6.816886700000396,-88.0,4.0,0.18,color,orientation,size,0.38,-2.5,1,female,0,2700.8190137,0,18,0.0,0.0,2.0,0.0,0.0,0.0,119.0,55.0,0.0
381,382,3.0,3.0,2.0,0.0,8.0,9.73323900000014,24.5,9.0,0.3,color,orientation,size,0.38,-2.5,1,female,0,2700.8190137,1,18,0.0,0.0,1.0,0.0,0.0,-2.0,120.0,56.0,0.0
382,383,3.0,3.0,2.0,0.0,8.0,14.449229699999703,69.5,9.0,0.22,color,orientation,size,0.38,-2.5,1,female,0,2700.8190137,1,18,0.0,0.0,1.0,0.0,0.0,1.0,121.0,57.0,0.0
383,384,3.0,0.0,0.0,1.0,8.0,4.349134900000536,-25.0,8.0,0.22,color,orientation,size,0.38,-2.5,1,female,0,2700.8190137,1,18,0.0,0.0,0.0,0.0,0.0,0.0,122.0,58.0,0.0
384,385,3.0,1.0,0.0,0.0,8.0,1.8669281999991656,-34.0,6.0,0.26,color,orientation,size,0.38,-2.5,1,female,0,2700.8190137,0,18,0.0,0.0,1.0,0.0,0.0,1.0,123.0,59.0,0.0
385,386,3.0,1.0,1.0,1.0,8.0,3.99954070000058,-16.0,11.0,0.38,color,orientation,size,0.38,-2.5,1,female,0,2700.8190137,1,18,0.0,0.0,0.0,0.0,0.0,-1.0,124.0,60.0,0.0
386,387,3.0,1.0,1.0,1.0,8.0,1.950507800000196,-65.5,8.0,0.42,color,orientation,size,0.38,-2.5,1,female,0,2700.8190137,0,18,0.0,0.0,0.0,0.0,0.0,1.0,125.0,61.0,0.0
387,388,3.0,3.0,2.0,0.0,8.0,3.333161700000346,65.0,7.0,0.3,color,orientation,size,0.38,-2.5,1,female,0,2700.8190137,0,18,0.0,0.0,1.0,0.0,0.0,0.0,126.0,62.0,0.0
388,389,3.0,4.0,4.0,1.0,8.0,8.14951099999962,-16.0,22.0,0.18,color,orientation,size,0.38,-2.5,1,female,0,2700.8190137,1,18,0.0,0.0,0.0,0.0,0.0,-1.0,127.0,63.0,0.0
389,390,3.0,4.0,4.0,1.0,8.0,2.416513600000144,-43.0,13.0,0.3400000000000001,color,orientation,size,0.38,-2.5,1,female,0,2700.8190137,0,18,0.0,0.0,0.0,0.0,0.0,1.0,128.0,64.0,0.0
390,391,3.0,4.0,4.0,1.0,8.0,4.466517599999861,-88.0,15.0,0.3,color,orientation,size,0.38,-2.5,1,female,0,2700.8190137,0,18,0.0,0.0,0.0,0.0,0.0,0.0,129.0,65.0,0.0
391,392,3.0,2.0,2.0,1.0,8.0,9.815919399999984,24.5,7.0,0.22,color,orientation,size,0.38,-2.5,1,female,0,2700.8190137,0,18,0.0,0.0,0.0,0.0,0.0,0.0,130.0,66.0,0.0
392,393,3.0,4.0,4.0,1.0,8.0,3.0498913999999786,-43.0,21.0,0.3400000000000001,color,orientation,size,0.38,-2.5,1,female,0,2700.8190137,0,18,0.0,0.0,0.0,0.0,0.0,0.0,131.0,67.0,0.0
393,394,3.0,0.0,0.0,1.0,8.0,11.2326723999995,-70.0,5.0,0.14,color,orientation,size,0.38,-2.5,1,female,0,2700.8190137,0,18,0.0,0.0,0.0,0.0,0.0,0.0,132.0,68.0,0.0
394,395,3.0,1.0,3.0,0.0,8.0,3.4168730999999752,-2.5,0.0,0.38,color,orientation,size,0.38,-2.5,1,female,0,2700.8190137,0,18,0.0,0.0,1.0,0.0,0.0,0.0,133.0,69.0,0.0
395,396,3.0,3.0,2.0,0.0,8.0,11.648200200000248,78.5,3.0,0.14,color,orientation,size,0.38,-2.5,1,female,0,2700.8190137,1,18,0.0,0.0,1.0,0.0,0.0,-1.0,134.0,70.0,0.0
396,397,3.0,5.0,6.0,0.0,8.0,5.117416300000514,78.5,24.0,0.1,color,orientation,size,0.38,-2.5,1,female,0,2700.8190137,1,18,0.0,0.0,2.0,0.0,0.0,0.0,135.0,71.0,0.0
397,398,3.0,1.0,1.0,1.0,8.0,8.949286500000198,-83.5,5.0,0.38,color,orientation,size,0.38,-2.5,1,female,0,2700.8190137,1,18,0.0,0.0,0.0,0.0,0.0,-1.0,136.0,72.0,0.0
398,399,3.0,3.0,3.0,1.0,8.0,3.716359199999715,2.0,7.0,0.38,color,orientation,size,0.38,-2.5,1,female,0,2700.8190137,0,18,0.0,0.0,0.0,0.0,0.0,2.0,137.0,73.0,0.0
399,400,3.0,6.0,6.0,1.0,8.0,16.38341020000007,29.0,16.0,0.1,color,orientation,size,0.38,-2.5,1,female,0,2700.8190137,0,18,0.0,0.0,0.0,0.0,0.0,0.0,138.0,74.0,0.0
400,401,3.0,3.0,2.0,0.0,8.0,7.900837600000159,69.5,12.0,0.3,color,orientation,size,0.38,-2.5,1,female,0,2700.8190137,0,18,0.0,0.0,1.0,0.0,0.0,0.0,139.0,75.0,0.0
401,402,3.0,0.0,1.0,0.0,8.0,1.5990524999997433,-11.5,1.0,0.38,color,orientation,size,0.38,-2.5,1,female,0,2700.8190137,1,18,0.0,0.0,1.0,0.0,0.0,-1.0,140.0,76.0,0.0
402,403,3.0,6.0,6.0,1.0,8.0,2.8816710999999486,6.5,19.0,0.1,color,orientation,size,0.38,-2.5,1,female,0,2700.8190137,1,18,0.0,0.0,0.0,0.0,0.0,0.0,141.0,77.0,0.0
403,404,3.0,2.0,0.0,0.0,8.0,5.133324899999934,-88.0,3.0,0.18,color,orientation,size,0.38,-2.5,1,female,0,2700.8190137,0,18,0.0,0.0,1.0,0.0,0.0,1.0,142.0,78.0,0.0
404,405,3.0,5.0,4.0,0.0,8.0,4.7660781000004135,-38.5,17.0,0.3400000000000001,color,orientation,size,0.38,-2.5,1,female,0,2700.8190137,1,18,0.0,0.0,1.0,0.0,0.0,-1.0,143.0,79.0,0.0
405,406,3.0,1.0,0.0,0.0,8.0,3.9651815000006536,-16.0,0.0,0.22,color,orientation,size,0.38,-2.5,1,female,0,2700.8190137,1,18,0.0,0.0,1.0,0.0,0.0,0.0,144.0,80.0,0.0
406,407,3.0,3.0,2.0,0.0,8.0,1.8813040999993973,2.0,4.0,0.3,color,orientation,size,0.38,-2.5,1,female,0,2700.8190137,1,18,0.0,0.0,1.0,0.0,0.0,0.0,145.0,81.0,0.0
407,408,3.0,2.0,2.0,1.0,8.0,2.584108899999592,24.5,4.0,0.22,color,orientation,size,0.38,-2.5,1,female,0,2700.8190137,1,18,0.0,0.0,0.0,0.0,0.0,0.0,146.0,82.0,0.0
408,409,3.0,2.0,3.0,0.0,8.0,5.982762999999977,2.0,1.0,0.4600000000000001,color,orientation,size,0.38,-2.5,1,female,0,2700.8190137,0,18,0.0,0.0,1.0,0.0,0.0,1.0,147.0,83.0,0.0
409,410,3.0,3.0,3.0,1.0,8.0,2.18249410000044,51.5,3.0,0.42,color,orientation,size,0.38,-2.5,1,female,0,2700.8190137,1,18,0.0,0.0,0.0,0.0,0.0,-1.0,148.0,84.0,0.0
410,411,3.0,1.0,0.0,0.0,8.0,2.7173466000003828,-29.5,12.0,0.14,color,orientation,size,0.38,-2.5,1,female,0,2700.8190137,0,18,0.0,0.0,1.0,0.0,0.0,1.0,149.0,85.0,0.0
411,412,3.0,3.0,3.0,1.0,8.0,5.365521500000796,69.5,2.0,0.38,color,orientation,size,0.38,-2.5,1,female,0,2700.8190137,1,18,0.0,0.0,0.0,0.0,0.0,-1.0,150.0,86.0,0.0
412,413,3.0,6.0,6.0,1.0,8.0,5.2502497999994375,47.0,21.0,0.18,color,orientation,size,0.38,-2.5,1,female,0,2700.8190137,0,18,0.0,0.0,0.0,0.0,0.0,1.0,151.0,87.0,0.0
413,414,3.0,7.0,6.0,0.0,8.0,5.200340800000049,47.0,21.0,0.3,color,orientation,size,0.38,-2.5,1,female,0,2700.8190137,0,18,0.0,0.0,1.0,0.0,0.0,0.0,152.0,88.0,0.0
414,415,3.0,1.0,0.0,0.0,8.0,5.615430099999685,-83.5,2.0,0.26,color,orientation,size,0.38,-2.5,1,female,0,2700.8190137,1,18,0.0,0.0,1.0,0.0,0.0,-1.0,153.0,89.0,0.0
415,416,3.0,5.0,4.0,0.0,8.0,2.6657905000001847,-25.0,16.0,0.3,color,orientation,size,0.38,-2.5,1,female,0,2700.8190137,1,18,0.0,0.0,1.0,0.0,0.0,0.0,154.0,90.0,0.0
416,417,3.0,4.0,6.0,0.0,8.0,2.632549100000688,83.0,16.0,0.18,color,orientation,size,0.38,-2.5,1,female,0,2700.8190137,1,18,0.0,0.0,1.0,0.0,0.0,0.0,155.0,91.0,0.0
417,418,3.0,0.0,1.0,0.0,8.0,3.2319163000001936,-7.0,10.0,0.4600000000000001,color,orientation,size,0.38,-2.5,1,female,0,2700.8190137,1,18,0.0,0.0,1.0,0.0,0.0,0.0,156.0,92.0,0.0
418,419,3.0,1.0,0.0,0.0,8.0,7.933167500000309,-70.0,0.0,0.26,color,orientation,size,0.38,-2.5,1,female,0,2700.8190137,1,18,0.0,0.0,1.0,0.0,0.0,0.0,157.0,93.0,0.0
419,420,3.0,7.0,6.0,0.0,8.0,3.2154089000005115,24.5,18.0,0.1,color,orientation,size,0.38,-2.5,1,female,0,2700.8190137,1,18,0.0,0.0,1.0,0.0,0.0,0.0,158.0,94.0,0.0
420,421,3.0,6.0,6.0,1.0,8.0,1.2494376000004197,20.0,22.0,0.1,color,orientation,size,0.38,-2.5,1,female,0,2700.8190137,1,18,0.0,0.0,0.0,0.0,0.0,0.0,159.0,95.0,0.0
421,422,3.0,1.0,0.0,0.0,8.0,6.049945500000831,-88.0,10.0,0.26,color,orientation,size,0.38,-2.5,1,female,0,2700.8190137,0,18,0.0,0.0,1.0,0.0,0.0,1.0,160.0,96.0,0.0
422,423,3.0,3.0,3.0,1.0,8.0,4.315589399999226,29.0,5.0,0.4600000000000001,color,orientation,size,0.38,-2.5,1,female,0,2700.8190137,1,18,0.0,0.0,0.0,0.0,0.0,-1.0,161.0,97.0,0.0
423,424,3.0,6.0,6.0,1.0,8.0,7.234634700000243,6.5,19.0,0.26,color,orientation,size,0.38,-2.5,1,female,0,2700.8190137,0,18,0.0,0.0,0.0,0.0,0.0,1.0,162.0,98.0,0.0
424,425,3.0,1.0,0.0,0.0,8.0,4.983828999998877,-29.5,5.0,0.1,color,orientation,size,0.38,-2.5,1,female,0,2700.8190137,0,18,0.0,0.0,1.0,0.0,0.0,0.0,163.0,99.0,0.0
425,426,3.0,0.0,0.0,1.0,8.0,4.61575509999966,-61.0,5.0,0.22,color,orientation,size,0.38,-2.5,1,female,0,2700.8190137,1,18,0.0,0.0,0.0,0.0,0.0,-1.0,164.0,100.0,0.0
426,427,3.0,3.0,2.0,0.0,8.0,2.633241999999882,65.0,0.0,0.22,color,orientation,size,0.38,-2.5,1,female,0,2700.8190137,0,18,0.0,0.0,1.0,0.0,0.0,1.0,165.0,101.0,0.0
427,428,3.0,5.0,4.0,0.0,8.0,5.115295500001594,-52.0,15.0,0.18,color,orientation,size,0.38,-2.5,1,female,0,2700.8190137,1,18,0.0,0.0,1.0,0.0,0.0,-1.0,166.0,102.0,0.0
