,Trial_nr,Choice,Reward,probability_1,probability_2,probability_3,PE_1,PE_2,PE_3,LP_1,LP_2,LP_3,Nov_1,Nov_2,Nov_3,weight_PE,weight_LP,weight_Nov,model_1_probability,model_2_probability,model_3_probability
0,0.0,2.0,0.0,0.5,0.25,0.125,0.0,1.0,0.0,0.0,0.0,0.0,100.0,0.0,100.0,-0.37727942269234394,0.8004807315370015,0.07645493544777104,0.33,0.33,0.33
1,1.0,3.0,0.0,0.5,0.25,0.125,0.0,1.0,1.0,0.0,1.0,-1.0,101.0,1.0,0.0,,,,0.43117671930313217,0.13764656139373563,0.43117671930313217
2,2.0,2.0,0.0,0.5,0.25,0.15125,0.0,1.0,1.0,0.0,0.0,1.0,102.0,0.0,1.0,,,,0.5396386311014594,0.3835813288151865,0.07678004008335429
3,3.0,3.0,0.0,0.5,0.2725,0.15125,0.0,1.0,1.0,0.0,1.0,0.0,103.0,1.0,0.0,,,,0.49510144544480417,0.15565513975939843,0.34924341479579746
4,4.0,2.0,0.0,0.5,0.2725,0.1767125,0.0,1.0,1.0,0.0,0.0,1.0,104.0,0.0,1.0,,,,0.4970126976409965,0.3479213824043159,0.15506591995468763
5,5.0,3.0,0.0,0.5,0.294325,0.1767125,0.0,1.0,1.0,0.0,1.0,0.0,105.0,1.0,0.0,,,,0.49892403714246764,0.15447667323463854,0.34659928962289366
6,6.0,3.0,0.0,0.5,0.294325,0.201411125,0.0,1.0,1.0,0.0,1.0,0.0,106.0,2.0,0.0,,,,0.5008354080904229,0.3452771750896219,0.15388741681995516
7,7.0,1.0,1.0,0.5,0.294325,0.22536879125,0.0,1.0,1.0,0.0,1.0,1.0,0.0,3.0,1.0,,,,0.5014231055830575,0.3456823352016791,0.15289455921526326
8,8.0,2.0,0.0,0.515,0.294325,0.22536879125,0.0,1.0,1.0,0.0,0.0,1.0,1.0,0.0,2.0,,,,0.24385327916489014,0.380963861534261,0.3751828593008487
9,9.0,1.0,1.0,0.515,0.31549525,0.22536879125,0.0,1.0,1.0,0.0,1.0,1.0,0.0,1.0,3.0,,,,0.31064954249956256,0.21139755075819627,0.47795290674224106
10,10.0,3.0,0.0,0.52955,0.31549525,0.22536879125,0.0,1.0,1.0,0.0,1.0,0.0,1.0,2.0,0.0,,,,0.24385327916489014,0.3751828593008487,0.380963861534261
11,11.0,1.0,1.0,0.52955,0.31549525,0.24860772751250002,0.0,1.0,1.0,0.0,1.0,1.0,0.0,3.0,1.0,,,,0.31064954249956256,0.47795290674224106,0.21139755075819627
12,12.0,2.0,0.0,0.5436635,0.31549525,0.24860772751250002,0.0,1.0,1.0,0.0,0.0,1.0,1.0,0.0,2.0,,,,0.24385327916489014,0.380963861534261,0.3751828593008487
13,13.0,2.0,0.0,0.5436635,0.3360303925,0.24860772751250002,0.0,1.0,1.0,0.0,0.0,1.0,2.0,0.0,3.0,,,,0.31064954249956256,0.21139755075819627,0.47795290674224106
14,14.0,2.0,0.0,0.5436635,0.355949480725,0.24860772751250002,0.0,1.0,1.0,0.0,0.0,1.0,3.0,0.0,4.0,,,,0.3111505184364261,0.2101257933699738,0.4787236881936001
15,15.0,1.0,0.0,0.5436635,0.37527099630325,0.24860772751250002,0.25,1.0,1.0,-0.25,1.0,1.0,0.0,1.0,5.0,,,,0.31164927873726495,0.20885966050635743,0.47949106075637765
16,16.0,1.0,0.0,0.5573535949999999,0.37527099630325,0.24860772751250002,0.4,1.0,1.0,-0.15000000000000002,1.0,1.0,0.0,2.0,6.0,,,,0.19250077569427415,0.3975763631697896,0.4099228611359363
17,17.0,2.0,0.0,0.5706329871499999,0.37527099630325,0.24860772751250002,0.4,1.0,1.0,0.4,0.0,1.0,1.0,0.0,7.0,,,,0.1949704078133384,0.3963604271952268,0.4086691649914348
18,18.0,1.0,0.0,0.5706329871499999,0.3940128664141525,0.24860772751250002,0.5,1.0,1.0,-0.09999999999999998,1.0,1.0,0.0,1.0,8.0,,,,0.34198451554008047,0.19647987722071794,0.46153560723920156
19,19.0,1.0,1.0,0.5835139975354999,0.3940128664141525,0.24860772751250002,0.4285714285714286,1.0,1.0,0.0714285714285714,1.0,1.0,0.0,2.0,9.0,,,,0.1946930990789363,0.3918813262397903,0.41342557468127333
20,20.0,2.0,0.0,0.5960085776094349,0.3940128664141525,0.24860772751250002,0.4285714285714286,1.0,1.0,0.4285714285714286,0.0,1.0,1.0,0.0,10.0,,,,0.22041137752686846,0.379366205538288,0.40022241693484345
21,21.0,3.0,0.0,0.5960085776094349,0.41219248042172796,0.24860772751250002,0.4285714285714286,1.0,1.0,0.4285714285714286,1.0,0.0,2.0,1.0,0.0,,,,0.341073448337154,0.1936013096162367,0.46532524204660936
22,22.0,1.0,1.0,0.5960085776094349,0.41219248042172796,0.271149495687125,0.375,1.0,1.0,0.0535714285714286,1.0,1.0,0.0,2.0,1.0,,,,0.3537097121852376,0.44704550058503145,0.19924478722973085
23,23.0,3.0,0.0,0.6081283202811519,0.41219248042172796,0.271149495687125,0.375,1.0,1.0,0.375,1.0,0.0,1.0,3.0,0.0,,,,0.22680846165015464,0.3880736197049587,0.3851179186448866
24,24.0,1.0,1.0,0.6081283202811519,0.41219248042172796,0.2930150108165112,0.33333333333333337,1.0,1.0,0.04166666666666663,1.0,1.0,0.0,4.0,1.0,,,,0.3444126580287552,0.45560779049892985,0.1999795514723148
25,25.0,2.0,1.0,0.6198844706727173,0.41219248042172796,0.2930150108165112,0.33333333333333337,0.9,1.0,0.33333333333333337,0.09999999999999998,1.0,1.0,0.0,2.0,,,,0.22654315398063116,0.3911633230771315,0.38229352294223745
26,26.0,1.0,1.0,0.6198844706727173,0.42982670600907613,0.2930150108165112,0.30000000000000004,0.9,1.0,0.033333333333333326,0.9,1.0,0.0,1.0,3.0,,,,0.33322577237201956,0.22154024181227583,0.44523398581570467
27,27.0,3.0,0.0,0.6312879365525358,0.42982670600907613,0.2930150108165112,0.30000000000000004,0.9,1.0,0.30000000000000004,0.9,0.0,1.0,2.0,0.0,,,,0.23193888981077068,0.37297139893381154,0.3950897112554178
28,28.0,2.0,0.0,0.6312879365525358,0.42982670600907613,0.31422456049201586,0.30000000000000004,0.9,1.0,0.30000000000000004,0.0,1.0,2.0,0.0,1.0,,,,0.345026564432529,0.4481767524272675,0.20679668314020336
29,29.0,3.0,0.0,0.6312879365525358,0.44693190482880385,0.31422456049201586,0.30000000000000004,0.9,1.0,0.30000000000000004,0.9,0.0,3.0,1.0,0.0,,,,0.3387280854188506,0.20922177576837578,0.45205013881277367
30,30.0,2.0,1.0,0.6312879365525358,0.44693190482880385,0.33479782367725536,0.30000000000000004,0.8,1.0,0.30000000000000004,0.09999999999999998,1.0,4.0,0.0,1.0,,,,0.3496775120186556,0.44391856512238903,0.2064039228589553
31,31.0,1.0,1.0,0.6312879365525358,0.46352394768393973,0.33479782367725536,0.30000000000000004,0.8,1.0,0.0,0.8,1.0,0.0,1.0,2.0,,,,0.33348580520869964,0.22821369973570513,0.4383004950555952
32,32.0,2.0,1.0,0.6423492984559597,0.46352394768393973,0.33479782367725536,0.30000000000000004,0.7,1.0,0.30000000000000004,0.10000000000000009,1.0,1.0,0.0,3.0,,,,0.23152064840205247,0.36652232405251695,0.4019570275454305
33,33.0,2.0,1.0,0.6423492984559597,0.47961822925342157,0.33479782367725536,0.30000000000000004,0.6,1.0,0.30000000000000004,0.09999999999999998,1.0,2.0,0.0,4.0,,,,0.32334803644901133,0.23511525633945485,0.4415367072115338
34,34.0,3.0,0.0,0.6423492984559597,0.49522968237581894,0.33479782367725536,0.30000000000000004,0.6,1.0,0.30000000000000004,0.6,0.0,3.0,1.0,0.0,,,,0.32104285191575743,0.24056820573779206,0.43838894234645054
35,35.0,2.0,0.0,0.6423492984559597,0.49522968237581894,0.3547538889669377,0.30000000000000004,0.6,1.0,0.30000000000000004,0.0,1.0,4.0,0.0,1.0,,,,0.3692199749696017,0.41284078498128324,0.217939240049115
36,36.0,2.0,1.0,0.6423492984559597,0.5103727919045443,0.3547538889669377,0.30000000000000004,0.5,1.0,0.30000000000000004,0.09999999999999998,1.0,5.0,0.0,2.0,,,,0.33383486218122244,0.22740587707819737,0.43875926074058025
37,37.0,3.0,1.0,0.6423492984559597,0.525061608147408,0.3547538889669377,0.30000000000000004,0.5,0.9,0.30000000000000004,0.5,0.09999999999999998,6.0,1.0,0.0,,,,0.3252243993681478,0.24733307378123945,0.4274425268506128
38,38.0,1.0,1.0,0.6423492984559597,0.525061608147408,0.37411127229792956,0.30000000000000004,0.5,0.9,0.0,0.5,0.9,0.0,2.0,1.0,,,,0.3708514455640171,0.3884693836719056,0.24067917076407724
39,39.0,2.0,1.0,0.6530788195022809,0.525061608147408,0.37411127229792956,0.30000000000000004,0.4,0.9,0.30000000000000004,0.09999999999999998,0.9,1.0,0.0,2.0,,,,0.24651201263216593,0.34636259660935376,0.4071253907584804
40,40.0,3.0,0.0,0.6530788195022809,0.5393097599029858,0.37411127229792956,0.30000000000000004,0.4,0.9,0.30000000000000004,0.4,0.0,2.0,1.0,0.0,,,,0.32121002180377023,0.2615500342056065,0.41723994399062314
41,41.0,3.0,1.0,0.6530788195022809,0.5393097599029858,0.3928879341289917,0.30000000000000004,0.4,0.8,0.30000000000000004,0.4,0.09999999999999998,3.0,2.0,0.0,,,,0.3769386479764287,0.3902381032875212,0.23282324873605018
42,42.0,1.0,1.0,0.6530788195022809,0.5393097599029858,0.41110129610512197,0.30000000000000004,0.4,0.8,0.0,0.4,0.8,0.0,3.0,1.0,,,,0.3669909321761607,0.37993940410456384,0.2530696637192755
43,43.0,3.0,1.0,0.6634864549172125,0.5393097599029858,0.41110129610512197,0.30000000000000004,0.4,0.7,0.30000000000000004,0.4,0.10000000000000009,1.0,4.0,0.0,,,,0.253789234069912,0.34443485292695325,0.40177591300313464
44,44.0,2.0,1.0,0.6634864549172125,0.5393097599029858,0.4287682572219683,0.30000000000000004,0.30000000000000004,0.7,0.30000000000000004,0.09999999999999998,0.7,2.0,0.0,1.0,,,,0.35783803082780197,0.3819680887020089,0.2601938804701891
45,45.0,3.0,0.0,0.6634864549172125,0.5531304671058962,0.4287682572219683,0.30000000000000004,0.30000000000000004,0.7,0.30000000000000004,0.30000000000000004,0.0,3.0,1.0,0.0,,,,0.3317230096666829,0.2783594263232306,0.3899175640100864
46,46.0,1.0,1.0,0.6634864549172125,0.5531304671058962,0.44590520950530926,0.19999999999999996,0.30000000000000004,0.7,0.10000000000000009,0.30000000000000004,0.7,0.0,2.0,1.0,,,,0.377953052703798,0.3722177385115117,0.2498292087846902
47,47.0,2.0,0.0,0.6735818612696961,0.5531304671058962,0.44590520950530926,0.19999999999999996,0.30000000000000004,0.7,0.19999999999999996,0.0,0.7,1.0,0.0,2.0,,,,0.2860010370102949,0.328210321788147,0.385788641201558
48,48.0,2.0,1.0,0.6735818612696961,0.5665365530927193,0.44590520950530926,0.19999999999999996,0.30000000000000004,0.7,0.19999999999999996,0.0,0.7,2.0,0.0,3.0,,,,0.32686119944958714,0.26615158959377666,0.4069872109566362
49,49.0,1.0,1.0,0.6735818612696961,0.5795404564999378,0.44590520950530926,0.09999999999999998,0.30000000000000004,0.7,0.09999999999999998,0.30000000000000004,0.7,0.0,1.0,4.0,,,,0.3275251260554451,0.26466098292294615,0.4078138910216088
50,50.0,3.0,0.0,0.6833744054316052,0.5795404564999378,0.44590520950530926,0.09999999999999998,0.30000000000000004,0.7,0.09999999999999998,0.30000000000000004,0.0,1.0,2.0,0.0,,,,0.29190439872996093,0.32012517858017087,0.38797042268986826
51,51.0,2.0,0.0,0.5,0.25,0.125,0.09999999999999998,0.30000000000000004,0.7,0.09999999999999998,0.0,0.7,2.0,0.0,1.0,,,,0.35371279479297135,0.3879090965804249,0.25837810862660376
52,52.0,1.0,1.0,0.5,0.2725,0.125,0.0,0.30000000000000004,0.7,0.09999999999999998,0.30000000000000004,0.7,0.0,1.0,2.0,,,,0.32028224720035303,0.2699961459831136,0.4097216068165333
53,53.0,1.0,1.0,0.515,0.2725,0.125,0.0,0.30000000000000004,0.7,0.0,0.30000000000000004,0.7,0.0,2.0,3.0,,,,0.30151882804444147,0.31842605293599974,0.38005511901955874
54,54.0,1.0,1.0,0.52955,0.2725,0.125,0.0,0.30000000000000004,0.7,0.0,0.30000000000000004,0.7,0.0,3.0,4.0,,,,0.2833774885643717,0.326696390573645,0.38992612086198325
55,55.0,3.0,0.0,0.5436635,0.2725,0.125,0.0,0.30000000000000004,0.7,0.0,0.30000000000000004,0.0,1.0,4.0,0.0,,,,0.28182745704260714,0.32740302439459684,0.3907695185627959
56,56.0,3.0,1.0,0.5436635,0.2725,0.15125,0.0,0.30000000000000004,0.6,0.0,0.30000000000000004,0.09999999999999998,2.0,5.0,0.0,,,,0.3420246386832959,0.3973349591180926,0.26064040219861156
57,57.0,2.0,1.0,0.5436635,0.2725,0.1767125,0.0,0.30000000000000004,0.6,0.0,0.0,0.6,3.0,0.0,1.0,,,,0.3319516519463958,0.38563302504483027,0.28241532300877403
58,58.0,2.0,0.0,0.5436635,0.294325,0.1767125,0.0,0.4,0.6,0.0,-0.09999999999999998,0.6,4.0,0.0,2.0,,,,0.3182436915203998,0.27774324489016666,0.4040130635894337
59,59.0,1.0,0.0,0.5436635,0.31549525,0.1767125,0.09999999999999998,0.4,0.6,-0.09999999999999998,0.4,0.6,0.0,1.0,3.0,,,,0.3290153190570613,0.2532969449031574,0.4176877360397813
60,60.0,1.0,0.0,0.5573535949999999,0.31549525,0.1767125,0.19999999999999996,0.4,0.6,-0.09999999999999998,0.4,0.6,0.0,2.0,4.0,,,,0.2613309063225247,0.3508958574830724,0.38777323619440296
61,61.0,1.0,1.0,0.5706329871499999,0.31549525,0.1767125,0.19999999999999996,0.4,0.6,0.0,0.4,0.6,0.0,3.0,5.0,,,,0.25266745632470006,0.3550113250744046,0.39232121860089536
62,62.0,3.0,1.0,0.5835139975354999,0.31549525,0.1767125,0.19999999999999996,0.4,0.5,0.19999999999999996,0.4,0.09999999999999998,1.0,4.0,0.0,,,,0.2665820886700864,0.3484013465465526,0.3850165647833611
63,63.0,3.0,0.0,0.5835139975354999,0.31549525,0.201411125,0.19999999999999996,0.4,0.5,0.19999999999999996,0.4,0.0,2.0,5.0,0.0,,,,0.34111193214263974,0.37985416873569283,0.27903389912166743
64,64.0,1.0,1.0,0.5835139975354999,0.31549525,0.22536879125,0.19999999999999996,0.4,0.5,0.0,0.4,0.5,0.0,6.0,1.0,,,,0.34929495468877697,0.38896658883628493,0.26173845647493804
65,65.0,1.0,1.0,0.5960085776094349,0.31549525,0.22536879125,0.19999999999999996,0.4,0.5,0.0,0.4,0.5,0.0,7.0,2.0,,,,0.27174146944531496,0.3633841371025654,0.36487439345211964
66,66.0,2.0,0.0,0.6081283202811519,0.31549525,0.22536879125,0.19999999999999996,0.5,0.5,0.19999999999999996,-0.09999999999999998,0.5,1.0,0.0,3.0,,,,0.2702310844376294,0.36413778423429544,0.3656311313280751
67,67.0,1.0,0.0,0.6081283202811519,0.3360303925,0.22536879125,0.30000000000000004,0.5,0.5,-0.10000000000000009,0.5,0.5,0.0,1.0,4.0,,,,0.3508939545977223,0.24457218838368164,0.404533857018596
68,68.0,1.0,0.0,0.6198844706727173,0.3360303925,0.22536879125,0.4,0.5,0.5,-0.09999999999999998,0.5,0.5,0.0,2.0,5.0,,,,0.2465385977713083,0.37241045229793157,0.38105094993076016
69,69.0,3.0,0.0,0.6312879365525358,0.3360303925,0.22536879125,0.4,0.5,0.6,0.4,0.5,-0.09999999999999998,1.0,3.0,0.0,,,,0.23820739164282936,0.3765282853193932,0.3852643230377774
70,70.0,2.0,0.0,0.6312879365525358,0.3360303925,0.24860772751250002,0.4,0.5,0.6,0.4,0.0,0.6,2.0,0.0,1.0,,,,0.37368900566694946,0.3958498742003537,0.2304611201326968
71,71.0,1.0,1.0,0.6312879365525358,0.355949480725,0.24860772751250002,0.4,0.5,0.6,0.0,0.5,0.6,0.0,1.0,2.0,,,,0.36119909552872287,0.2486927243091993,0.39010818016207793
72,72.0,2.0,0.0,0.6423492984559597,0.355949480725,0.24860772751250002,0.4,0.6,0.6,0.4,-0.09999999999999998,0.6,1.0,0.0,3.0,,,,0.2518820090168909,0.3647158935731559,0.3834020974099531
73,73.0,1.0,1.0,0.6423492984559597,0.37527099630325,0.24860772751250002,0.4,0.6,0.6,0.0,0.6,0.6,0.0,1.0,4.0,,,,0.36740203862739107,0.22658382793463488,0.40601413343797405
74,74.0,2.0,1.0,0.6530788195022809,0.37527099630325,0.24860772751250002,0.4,0.6,0.6,0.4,0.0,0.6,1.0,0.0,5.0,,,,0.24653859777130832,0.3724104522979315,0.38105094993076016
75,75.0,1.0,1.0,0.6530788195022809,0.3940128664141525,0.24860772751250002,0.4,0.6,0.6,0.0,0.6,0.6,0.0,1.0,6.0,,,,0.35839228299590625,0.23944756996905248,0.4021601470350412
76,76.0,2.0,0.0,0.6634864549172125,0.3940128664141525,0.24860772751250002,0.4,0.7,0.6,0.4,-0.09999999999999998,0.6,1.0,0.0,7.0,,,,0.24509951541196764,0.37023663725565903,0.3846638473323733
77,77.0,2.0,1.0,0.6634864549172125,0.41219248042172796,0.24860772751250002,0.4,0.6,0.6,0.4,0.09999999999999998,0.6,2.0,0.0,8.0,,,,0.3658583954347861,0.21727779034461184,0.4168638142206021
78,78.0,1.0,1.0,0.6634864549172125,0.42982670600907613,0.24860772751250002,0.30000000000000004,0.6,0.6,0.09999999999999998,0.6,0.6,0.0,1.0,9.0,,,,0.34993220431382016,0.2513504907695457,0.3987173049166341
79,79.0,1.0,0.0,0.6735818612696961,0.42982670600907613,0.24860772751250002,0.30000000000000004,0.6,0.6,0.0,0.6,0.6,0.0,2.0,10.0,,,,0.26524196755899987,0.3561473419154112,0.3786106905255889
80,80.0,1.0,0.0,0.6833744054316052,0.42982670600907613,0.24860772751250002,0.4,0.6,0.6,-0.09999999999999998,0.6,0.6,0.0,3.0,11.0,,,,0.2485067330672093,0.3642591406538087,0.38723412627898196
81,81.0,2.0,0.0,0.692873173268657,0.42982670600907613,0.24860772751250002,0.4,0.7,0.6,0.4,-0.09999999999999998,0.6,1.0,0.0,12.0,,,,0.22582915474262652,0.3752512753223429,0.3989195699350306
82,82.0,3.0,0.0,0.692873173268657,0.44693190482880385,0.24860772751250002,0.4,0.7,0.6,0.4,0.7,0.0,2.0,1.0,0.0,,,,0.36001033132602306,0.21380471315627614,0.42618495551770075
83,83.0,2.0,1.0,0.692873173268657,0.44693190482880385,0.271149495687125,0.4,0.6,0.6,0.4,0.09999999999999998,0.6,3.0,0.0,1.0,,,,0.3584548103049812,0.4038798767839225,0.23766531291109635
84,84.0,2.0,1.0,0.692873173268657,0.46352394768393973,0.271149495687125,0.4,0.6,0.6,0.4,0.0,0.6,4.0,0.0,2.0,,,,0.35911501407166135,0.25598174312139943,0.38490324280693916
85,85.0,3.0,0.0,0.692873173268657,0.47961822925342157,0.271149495687125,0.4,0.6,0.7,0.4,0.6,-0.09999999999999998,5.0,1.0,0.0,,,,0.36700257210088,0.2396402175767252,0.39335721032239473
86,86.0,2.0,1.0,0.692873173268657,0.47961822925342157,0.2930150108165112,0.4,0.5,0.7,0.4,0.09999999999999998,0.7,6.0,0.0,1.0,,,,0.3800050757223158,0.40111288538764983,0.21888203889003452
87,87.0,3.0,0.0,0.692873173268657,0.49522968237581894,0.2930150108165112,0.4,0.5,0.8,0.4,0.5,-0.10000000000000009,7.0,1.0,0.0,,,,0.35508547081760283,0.2568811175801713,0.38803341160222593
88,88.0,1.0,1.0,0.692873173268657,0.49522968237581894,0.31422456049201586,0.4,0.5,0.8,0.0,0.5,0.8,0.0,2.0,1.0,,,,0.3932815226228719,0.3918867392612569,0.21483173811587103
89,89.0,3.0,1.0,0.7020869780705974,0.49522968237581894,0.31422456049201586,0.4,0.5,0.7,0.4,0.5,0.10000000000000009,1.0,3.0,0.0,,,,0.2437209512425854,0.35560740912259686,0.40067163963481767
90,90.0,3.0,0.0,0.7020869780705974,0.49522968237581894,0.33479782367725536,0.4,0.5,0.7,0.4,0.5,0.0,2.0,4.0,0.0,,,,0.3628051555705746,0.38432057944955944,0.252874264979866
91,91.0,1.0,1.0,0.7020869780705974,0.49522968237581894,0.3547538889669377,0.4,0.5,0.7,0.0,0.5,0.7,0.0,5.0,1.0,,,,0.3706749305662062,0.39265705548916313,0.2366680139446307
92,92.0,2.0,1.0,0.7110243687284795,0.49522968237581894,0.3547538889669377,0.4,0.4,0.7,0.4,0.09999999999999998,0.7,1.0,0.0,2.0,,,,0.24577366354521146,0.3669226037114743,0.3873037327433142
93,93.0,1.0,1.0,0.7110243687284795,0.5103727919045443,0.3547538889669377,0.30000000000000004,0.4,0.7,0.09999999999999998,0.4,0.7,0.0,1.0,3.0,,,,0.34192594889107525,0.2668814298751855,0.39119262123373927
94,94.0,3.0,1.0,0.7196936376666251,0.5103727919045443,0.3547538889669377,0.30000000000000004,0.4,0.6,0.30000000000000004,0.4,0.09999999999999998,1.0,2.0,0.0,,,,0.2735148862713516,0.3374501581656024,0.389034955563046
95,95.0,1.0,0.0,0.7196936376666251,0.5103727919045443,0.37411127229792956,0.30000000000000004,0.4,0.6,0.0,0.4,0.6,0.0,3.0,1.0,,,,0.3563386045630025,0.3745955983412254,0.26906579709577216
96,96.0,3.0,0.0,0.7281028285366263,0.5103727919045443,0.37411127229792956,0.30000000000000004,0.4,0.7,0.30000000000000004,0.4,-0.09999999999999998,1.0,4.0,0.0,,,,0.26234347322459256,0.35604440017958705,0.3816121265958203
97,97.0,1.0,0.0,0.7281028285366263,0.5103727919045443,0.3928879341289917,0.4,0.4,0.7,-0.09999999999999998,0.4,0.7,0.0,5.0,1.0,,,,0.3721635736917576,0.39725964453442125,0.23057678177382115
98,98.0,2.0,1.0,0.7362597436805275,0.5103727919045443,0.3928879341289917,0.4,0.30000000000000004,0.7,0.4,0.09999999999999998,0.7,1.0,0.0,2.0,,,,0.23487875365300206,0.36413958616050945,0.4009816601864884
99,99.0,1.0,0.0,0.7362597436805275,0.525061608147408,0.3928879341289917,0.5,0.30000000000000004,0.7,-0.09999999999999998,0.30000000000000004,0.7,0.0,1.0,3.0,,,,0.33845300216900837,0.27432772561044266,0.38721927222054914
100,100.0,3.0,1.0,0.7441719513701117,0.525061608147408,0.3928879341289917,0.5,0.30000000000000004,0.7,0.5,0.30000000000000004,0.0,1.0,2.0,0.0,,,,0.23272658417925887,0.3483326718605813,0.4189407439601598
101,101.0,3.0,0.0,0.5,0.25,0.125,0.5,0.30000000000000004,0.7,0.5,0.30000000000000004,0.0,2.0,3.0,0.0,,,,0.39329607566143737,0.3641507510682973,0.24255317327026524
102,102.0,2.0,0.0,0.5,0.25,0.15125,0.5,0.30000000000000004,0.7,0.5,0.0,0.7,3.0,0.0,1.0,,,,0.39402398284147455,0.36482471646668774,0.2411513006918376
103,103.0,2.0,0.0,0.5,0.2725,0.15125,0.5,0.4,0.7,0.5,-0.09999999999999998,0.7,4.0,0.0,2.0,,,,0.35995741141692256,0.2542364554562746,0.3858061331268028
104,104.0,1.0,0.0,0.5,0.294325,0.15125,0.6,0.4,0.7,-0.09999999999999998,0.4,0.7,0.0,1.0,3.0,,,,0.3710779198006646,0.23119686942096454,0.39772521077837086
105,105.0,2.0,0.0,0.515,0.294325,0.15125,0.6,0.4,0.7,0.6,0.0,0.7,1.0,0.0,4.0,,,,0.22267557339073926,0.361064866641241,0.4162595599680197
106,106.0,1.0,0.0,0.515,0.31549525,0.15125,0.7,0.4,0.7,-0.09999999999999998,0.4,0.7,0.0,1.0,5.0,,,,0.3663754351785103,0.24254336979377122,0.39108119502771843
107,107.0,2.0,0.0,0.52955,0.31549525,0.15125,0.7,0.5,0.7,0.7,-0.09999999999999998,0.7,1.0,0.0,6.0,,,,0.21482425496382404,0.36172706421987544,0.42344868081630055
108,108.0,3.0,0.0,0.52955,0.3360303925,0.15125,0.7,0.5,0.7,0.7,0.5,0.0,2.0,1.0,0.0,,,,0.384166342024075,0.216697299581058,0.39913635839486705
109,109.0,3.0,0.0,0.52955,0.3360303925,0.1767125,0.7,0.5,0.7,0.7,0.5,0.0,3.0,2.0,0.0,,,,0.4041716282604871,0.36854169564028993,0.22728667609922296
110,110.0,2.0,0.0,0.52955,0.3360303925,0.201411125,0.7,0.5,0.7,0.7,0.0,0.7,4.0,0.0,1.0,,,,0.4048725001518529,0.3691807818531997,0.22594671799494742
111,111.0,3.0,0.0,0.52955,0.355949480725,0.201411125,0.7,0.5,0.7,0.7,0.5,0.0,5.0,1.0,0.0,,,,0.3884175721732553,0.23197239468080835,0.3796100331459365
112,112.0,1.0,1.0,0.52955,0.355949480725,0.22536879125,0.6,0.5,0.7,0.09999999999999998,0.5,0.7,0.0,2.0,1.0,,,,0.40970704493906135,0.3651178374530044,0.22517511760793416
113,113.0,2.0,0.0,0.5436635,0.355949480725,0.22536879125,0.6,0.6,0.7,0.6,-0.09999999999999998,0.7,1.0,0.0,2.0,,,,0.24869272430919928,0.3611990955287228,0.3901081801620779
114,114.0,1.0,1.0,0.5436635,0.37527099630325,0.22536879125,0.5,0.6,0.7,0.09999999999999998,0.6,0.7,0.0,1.0,3.0,,,,0.38198515573433467,0.21645869475655352,0.4015561495091118
115,115.0,3.0,0.0,0.5573535949999999,0.37527099630325,0.22536879125,0.5,0.6,0.7,0.5,0.6,0.0,1.0,2.0,0.0,,,,0.25114301254437205,0.36364585383560544,0.38521113362002257
116,116.0,2.0,1.0,0.5573535949999999,0.37527099630325,0.24860772751250002,0.5,0.6,0.7,0.5,0.0,0.7,2.0,0.0,1.0,,,,0.3748190580150025,0.39402289706727506,0.23115804491772246
117,117.0,1.0,1.0,0.5573535949999999,0.3940128664141525,0.24860772751250002,0.5,0.6,0.7,0.0,0.6,0.7,0.0,1.0,2.0,,,,0.3682441366019029,0.2340387822552391,0.397717081142858
118,118.0,3.0,0.0,0.5706329871499999,0.3940128664141525,0.24860772751250002,0.5,0.6,0.8,0.5,0.6,-0.10000000000000009,1.0,2.0,0.0,,,,0.23709944777309763,0.37192255762656956,0.3909779946003329
119,119.0,3.0,1.0,0.5706329871499999,0.3940128664141525,0.271149495687125,0.5,0.6,0.7,0.5,0.6,0.10000000000000009,2.0,3.0,0.0,,,,0.3846992048812506,0.4044092528526669,0.21089154226608256
120,120.0,1.0,1.0,0.5706329871499999,0.3940128664141525,0.2930150108165112,0.5,0.6,0.7,0.0,0.6,0.7,0.0,4.0,1.0,,,,0.3684242409429758,0.3873004418050499,0.24427531725197418
121,121.0,3.0,1.0,0.5835139975354999,0.3940128664141525,0.2930150108165112,0.5,0.6,0.7,0.5,0.6,0.0,1.0,5.0,0.0,,,,0.2357670442838623,0.3784131877283695,0.38581976798776807
122,122.0,1.0,0.0,0.5835139975354999,0.3940128664141525,0.31422456049201586,0.6,0.6,0.7,-0.09999999999999998,0.6,0.7,0.0,6.0,1.0,,,,0.37142352652157695,0.39951251744090205,0.22906395603752097
123,123.0,2.0,0.0,0.5960085776094349,0.3940128664141525,0.31422456049201586,0.6,0.7,0.7,0.6,-0.09999999999999998,0.7,1.0,0.0,2.0,,,,0.2139286393986408,0.392231400098533,0.3938399605028261
124,124.0,3.0,0.0,0.5960085776094349,0.41219248042172796,0.31422456049201586,0.6,0.7,0.7,0.6,0.7,0.0,2.0,1.0,0.0,,,,0.3850712736373491,0.2101283418264391,0.40480038453621187
125,125.0,1.0,1.0,0.5960085776094349,0.41219248042172796,0.33479782367725536,0.5,0.7,0.7,0.09999999999999998,0.7,0.7,0.0,2.0,1.0,,,,0.381396360658782,0.39485309660672857,0.2237505427344893
126,126.0,2.0,0.0,0.6081283202811519,0.41219248042172796,0.33479782367725536,0.5,0.8,0.7,0.5,-0.10000000000000009,0.7,1.0,0.0,2.0,,,,0.24797245479130028,0.3774511710381976,0.3745763741705021
127,127.0,3.0,0.0,0.6081283202811519,0.42982670600907613,0.33479782367725536,0.5,0.8,0.8,0.5,0.8,-0.10000000000000009,2.0,1.0,0.0,,,,0.3780894589882467,0.2072680892210138,0.41464245179073955
128,128.0,3.0,0.0,0.6081283202811519,0.42982670600907613,0.3547538889669377,0.5,0.8,0.8,0.5,0.8,0.0,3.0,2.0,0.0,,,,0.3744269480558179,0.42187607837289065,0.20369697357129143
129,129.0,2.0,0.0,0.6081283202811519,0.42982670600907613,0.37411127229792956,0.5,0.9,0.8,0.5,-0.09999999999999998,0.8,4.0,0.0,1.0,,,,0.36878628377659434,0.41552060279109004,0.21569311343231573
130,130.0,3.0,1.0,0.6081283202811519,0.44693190482880385,0.37411127229792956,0.5,0.9,0.7,0.5,0.9,0.10000000000000009,5.0,1.0,0.0,,,,0.38087141572876876,0.19650338241318716,0.42262520185804403
131,131.0,2.0,1.0,0.6081283202811519,0.44693190482880385,0.3928879341289917,0.5,0.8,0.7,0.5,0.09999999999999998,0.7,6.0,0.0,1.0,,,,0.35755524863296045,0.41075151331495297,0.2316932380520865
132,132.0,2.0,0.0,0.6081283202811519,0.46352394768393973,0.3928879341289917,0.5,0.8,0.7,0.5,0.0,0.7,7.0,0.0,2.0,,,,0.37498758571244606,0.2322103959894112,0.3928020182981428
133,133.0,3.0,0.0,0.6081283202811519,0.47961822925342157,0.3928879341289917,0.5,0.8,0.7,0.5,0.8,0.0,8.0,1.0,0.0,,,,0.3824437189333155,0.21694391306778316,0.4006123679989014
134,134.0,2.0,1.0,0.6081283202811519,0.47961822925342157,0.41110129610512197,0.5,0.7,0.7,0.5,0.10000000000000009,0.7,9.0,0.0,1.0,,,,0.37582867079953125,0.404469088530014,0.21970224067045468
135,135.0,3.0,0.0,0.6081283202811519,0.49522968237581894,0.41110129610512197,0.5,0.7,0.7,0.5,0.7,0.0,10.0,1.0,0.0,,,,0.3770412157431405,0.23696131216377428,0.38599747209308527
136,136.0,1.0,0.0,0.6081283202811519,0.49522968237581894,0.4287682572219683,0.5,0.7,0.7,0.0,0.7,0.7,0.0,2.0,1.0,,,,0.38585206879413964,0.3920090296744756,0.2221389015313848
137,137.0,1.0,1.0,0.6198844706727173,0.49522968237581894,0.4287682572219683,0.4,0.7,0.7,0.09999999999999998,0.7,0.7,0.0,3.0,2.0,,,,0.23334777208485283,0.3847914654845649,0.38186076243058226
138,138.0,3.0,0.0,0.6312879365525358,0.49522968237581894,0.4287682572219683,0.4,0.7,0.7,0.4,0.7,0.0,1.0,4.0,0.0,,,,0.2536247205007608,0.374614234645844,0.3717610448533953
139,139.0,2.0,0.0,0.6312879365525358,0.49522968237581894,0.44590520950530926,0.4,0.7,0.7,0.4,0.0,0.7,2.0,0.0,1.0,,,,0.356494389537476,0.4141446775238426,0.22936093293868134
140,140.0,1.0,1.0,0.6312879365525358,0.5103727919045443,0.44590520950530926,0.30000000000000004,0.7,0.7,0.09999999999999998,0.7,0.7,0.0,1.0,2.0,,,,0.3616370661724516,0.2308975308609662,0.4074654029665823
141,141.0,3.0,0.0,0.6423492984559597,0.5103727919045443,0.44590520950530926,0.30000000000000004,0.7,0.7,0.30000000000000004,0.7,0.0,1.0,2.0,0.0,,,,0.2623094725718482,0.3674352685409666,0.37025525888718525
142,142.0,1.0,1.0,0.6423492984559597,0.5103727919045443,0.46252805322015,0.19999999999999996,0.7,0.7,0.10000000000000009,0.7,0.7,0.0,3.0,1.0,,,,0.34907257082363374,0.41663304942420676,0.23429437975215955
143,143.0,3.0,1.0,0.6530788195022809,0.5103727919045443,0.46252805322015,0.19999999999999996,0.7,0.7,0.19999999999999996,0.7,0.0,1.0,4.0,0.0,,,,0.2689185910654267,0.36833538911075714,0.3627460198238161
144,144.0,3.0,0.0,0.6530788195022809,0.5103727919045443,0.4786522116235455,0.19999999999999996,0.7,0.8,0.19999999999999996,0.7,-0.10000000000000009,2.0,5.0,0.0,,,,0.3373217165373587,0.4264837470638837,0.23619453639875762
145,145.0,2.0,0.0,0.6530788195022809,0.5103727919045443,0.4942926452748391,0.19999999999999996,0.7,0.8,0.19999999999999996,0.0,0.8,3.0,0.0,1.0,,,,0.3469821973863555,0.43869771927181517,0.2143200833418294
146,146.0,1.0,1.0,0.6530788195022809,0.525061608147408,0.4942926452748391,0.19999999999999996,0.7,0.8,0.0,0.7,0.8,0.0,1.0,2.0,,,,0.33794188856926716,0.2330380197400332,0.42902009169069966
147,147.0,1.0,1.0,0.6634864549172125,0.525061608147408,0.4942926452748391,0.19999999999999996,0.7,0.8,0.0,0.7,0.8,0.0,2.0,3.0,,,,0.25015527531105974,0.3655576955804269,0.3842870291085134
148,148.0,1.0,0.0,0.6735818612696961,0.525061608147408,0.4942926452748391,0.30000000000000004,0.7,0.8,-0.10000000000000009,0.7,0.8,0.0,3.0,4.0,,,,0.24872389305667145,0.36625551044953325,0.3850205964937953
149,149.0,2.0,0.0,0.6833744054316052,0.525061608147408,0.4942926452748391,0.30000000000000004,0.7,0.8,0.30000000000000004,0.0,0.8,1.0,0.0,5.0,,,,0.22603245823153365,0.37731783889030723,0.3966497028781591
150,150.0,1.0,1.0,0.6833744054316052,0.5393097599029858,0.4942926452748391,0.30000000000000004,0.7,0.8,0.0,0.7,0.8,0.0,1.0,6.0,,,,0.3395334542222704,0.22789181021704374,0.4325747355606858
151,151.0,2.0,0.0,0.5,0.25,0.125,0.30000000000000004,0.8,0.8,0.30000000000000004,-0.10000000000000009,0.8,1.0,0.0,7.0,,,,0.24025135021730026,0.3645836087491057,0.39516504103359396
152,152.0,3.0,0.0,0.5,0.2725,0.125,0.30000000000000004,0.8,0.8,0.30000000000000004,0.8,0.0,2.0,1.0,0.0,,,,0.34598770456317773,0.20642264484300465,0.44758965059381756
153,153.0,2.0,0.0,0.5,0.2725,0.15125,0.30000000000000004,0.8,0.8,0.30000000000000004,0.0,0.8,3.0,0.0,1.0,,,,0.34871631009440524,0.42761099301728395,0.22367269688831082
154,154.0,2.0,0.0,0.5,0.294325,0.15125,0.30000000000000004,0.8,0.8,0.30000000000000004,0.0,0.8,4.0,0.0,2.0,,,,0.35045470517096255,0.22307567362324598,0.4264696212057915
155,155.0,2.0,0.0,0.5,0.31549525,0.15125,0.30000000000000004,0.8,0.8,0.30000000000000004,0.0,0.8,5.0,0.0,3.0,,,,0.3510511482408875,0.2217534167852403,0.4271954349738722
156,156.0,1.0,1.0,0.5,0.3360303925,0.15125,0.19999999999999996,0.8,0.8,0.10000000000000009,0.8,0.8,0.0,1.0,4.0,,,,0.35164505904471793,0.22043677373726428,0.42791816721801773
157,157.0,3.0,0.0,0.515,0.3360303925,0.15125,0.19999999999999996,0.8,0.8,0.19999999999999996,0.8,0.0,1.0,2.0,0.0,,,,0.2599370946533651,0.3657880290799673,0.37427487626666767
158,158.0,3.0,0.0,0.515,0.3360303925,0.1767125,0.19999999999999996,0.8,0.8,0.19999999999999996,0.8,0.0,2.0,3.0,0.0,,,,0.33633304399901326,0.43688419076187407,0.2267827652391127
159,159.0,3.0,0.0,0.515,0.3360303925,0.201411125,0.19999999999999996,0.8,0.9,0.19999999999999996,0.8,-0.09999999999999998,3.0,4.0,0.0,,,,0.33691498205127934,0.4376401067789709,0.22544491116974988
160,160.0,1.0,1.0,0.515,0.3360303925,0.22536879125,0.19999999999999996,0.8,0.9,0.0,0.8,0.9,0.0,5.0,1.0,,,,0.34611269103179637,0.4495875907283273,0.2042997182398764
161,161.0,3.0,0.0,0.52955,0.3360303925,0.22536879125,0.19999999999999996,0.8,0.9,0.19999999999999996,0.8,0.0,1.0,6.0,0.0,,,,0.24025575024282964,0.3776426512124921,0.38210159854467834
162,162.0,2.0,1.0,0.52955,0.3360303925,0.24860772751250002,0.19999999999999996,0.8,0.9,0.19999999999999996,0.0,0.9,2.0,0.0,1.0,,,,0.3346029718395734,0.4481342816423339,0.21726274651809274
163,163.0,3.0,0.0,0.52955,0.355949480725,0.24860772751250002,0.19999999999999996,0.8,0.9,0.19999999999999996,0.8,0.0,3.0,1.0,0.0,,,,0.3329231167357459,0.222773775217342,0.44430310804691203
164,164.0,1.0,0.0,0.52955,0.355949480725,0.271149495687125,0.19999999999999996,0.8,0.9,0.0,0.8,0.9,0.0,2.0,1.0,,,,0.3437642422435953,0.4364116190263349,0.2198241387300697
165,165.0,2.0,1.0,0.5436635,0.355949480725,0.271149495687125,0.19999999999999996,0.7,0.9,0.19999999999999996,0.10000000000000009,0.9,1.0,0.0,2.0,,,,0.2423308811858375,0.37226724192146776,0.3854018768926947
166,166.0,1.0,1.0,0.5436635,0.37527099630325,0.271149495687125,0.19999999999999996,0.7,0.9,0.0,0.7,0.9,0.0,1.0,3.0,,,,0.32116387768026217,0.24362209584989178,0.43521402646984597
167,167.0,1.0,0.0,0.5573535949999999,0.37527099630325,0.271149495687125,0.30000000000000004,0.7,0.9,-0.10000000000000009,0.7,0.9,0.0,2.0,4.0,,,,0.24532508680972473,0.3584992292915529,0.3961756838987224
168,168.0,3.0,1.0,0.5706329871499999,0.37527099630325,0.271149495687125,0.30000000000000004,0.7,0.8,0.30000000000000004,0.7,0.09999999999999998,1.0,3.0,0.0,,,,0.22285175120272066,0.36917491673512115,0.40797333206215813
169,169.0,1.0,0.0,0.5706329871499999,0.37527099630325,0.2930150108165112,0.4,0.7,0.8,-0.09999999999999998,0.7,0.8,0.0,4.0,1.0,,,,0.34448209094128485,0.4143096387974075,0.24120827026130762
170,170.0,3.0,1.0,0.5835139975354999,0.37527099630325,0.2930150108165112,0.4,0.7,0.7,0.4,0.7,0.10000000000000009,1.0,5.0,0.0,,,,0.22085880015188517,0.3857950680087453,0.3933461318393695
171,171.0,2.0,1.0,0.5835139975354999,0.37527099630325,0.31422456049201586,0.4,0.7,0.7,0.4,0.0,0.7,2.0,0.0,1.0,,,,0.34872029144935984,0.4082225578187569,0.24305715073188328
172,172.0,1.0,1.0,0.5835139975354999,0.3940128664141525,0.31422456049201586,0.4,0.7,0.7,0.0,0.7,0.7,0.0,1.0,2.0,,,,0.3616370661724516,0.2308975308609662,0.4074654029665823
173,173.0,1.0,1.0,0.5960085776094349,0.3940128664141525,0.31422456049201586,0.4,0.7,0.7,0.0,0.7,0.7,0.0,2.0,3.0,,,,0.24016494607552694,0.3784652055367087,0.3813698483877643
174,174.0,1.0,1.0,0.6081283202811519,0.3940128664141525,0.31422456049201586,0.30000000000000004,0.7,0.7,0.09999999999999998,0.7,0.7,0.0,3.0,4.0,,,,0.23877252541192517,0.379158754445675,0.3820687201423998
175,175.0,3.0,1.0,0.6198844706727173,0.3940128664141525,0.31422456049201586,0.30000000000000004,0.7,0.7,0.30000000000000004,0.7,0.0,1.0,4.0,0.0,,,,0.2593613897534097,0.36890367509059446,0.37173493515599587
176,176.0,2.0,0.0,0.6198844706727173,0.3940128664141525,0.33479782367725536,0.30000000000000004,0.7,0.7,0.30000000000000004,0.0,0.7,2.0,0.0,1.0,,,,0.34684592846579176,0.42035419416855674,0.23279987736565136
177,177.0,1.0,1.0,0.6198844706727173,0.41219248042172796,0.33479782367725536,0.30000000000000004,0.7,0.7,0.0,0.7,0.7,0.0,1.0,2.0,,,,0.3519255384063964,0.2344102156727626,0.4136642459208409
178,178.0,3.0,1.0,0.6312879365525358,0.41219248042172796,0.33479782367725536,0.30000000000000004,0.7,0.6,0.30000000000000004,0.7,0.09999999999999998,1.0,2.0,0.0,,,,0.24711708521119624,0.3750024240378673,0.3778804907509365
179,179.0,1.0,1.0,0.6312879365525358,0.41219248042172796,0.3547538889669377,0.30000000000000004,0.7,0.6,0.0,0.7,0.6,0.0,3.0,1.0,,,,0.3391408490097128,0.4047791144799529,0.2560800365103344
180,180.0,3.0,1.0,0.6423492984559597,0.41219248042172796,0.3547538889669377,0.30000000000000004,0.7,0.5,0.30000000000000004,0.7,0.09999999999999998,1.0,4.0,0.0,,,,0.2502803460837172,0.38565488820976596,0.36406476570651697
181,181.0,3.0,1.0,0.6423492984559597,0.41219248042172796,0.37411127229792956,0.30000000000000004,0.7,0.4,0.30000000000000004,0.7,0.09999999999999998,2.0,5.0,0.0,,,,0.33377278978410846,0.40451041967161966,0.2617167905442718
182,182.0,1.0,1.0,0.6423492984559597,0.41219248042172796,0.3928879341289917,0.30000000000000004,0.7,0.4,0.0,0.7,0.4,0.0,6.0,1.0,,,,0.3311261976984177,0.40130292610698604,0.26757087619459624
183,183.0,3.0,0.0,0.6530788195022809,0.41219248042172796,0.3928879341289917,0.30000000000000004,0.7,0.4,0.30000000000000004,0.7,0.0,1.0,7.0,0.0,,,,0.25554422483538775,0.4029019331461338,0.3415538420184785
184,184.0,1.0,1.0,0.6530788195022809,0.41219248042172796,0.41110129610512197,0.19999999999999996,0.7,0.4,0.10000000000000009,0.7,0.4,0.0,8.0,1.0,,,,0.3342606523326989,0.41450066115404766,0.25123868651325354
185,185.0,3.0,1.0,0.6634864549172125,0.41219248042172796,0.41110129610512197,0.19999999999999996,0.7,0.30000000000000004,0.19999999999999996,0.7,0.09999999999999998,1.0,9.0,0.0,,,,0.2769209440465716,0.3940763770267948,0.32900267892663354
186,186.0,1.0,0.0,0.6634864549172125,0.41219248042172796,0.4287682572219683,0.30000000000000004,0.7,0.30000000000000004,-0.10000000000000009,0.7,0.30000000000000004,0.0,10.0,1.0,,,,0.3129189208534135,0.41104747589735885,0.27603360324922765
187,187.0,1.0,1.0,0.6735818612696961,0.41219248042172796,0.4287682572219683,0.19999999999999996,0.7,0.30000000000000004,0.10000000000000009,0.7,0.30000000000000004,0.0,11.0,2.0,,,,0.2410193376237569,0.4244545449461611,0.3345261174300821
188,188.0,3.0,0.0,0.6833744054316052,0.41219248042172796,0.4287682572219683,0.19999999999999996,0.7,0.30000000000000004,0.19999999999999996,0.7,0.0,1.0,12.0,0.0,,,,0.2774951785321385,0.40405568997952324,0.3184491314883382
189,189.0,2.0,1.0,0.6833744054316052,0.41219248042172796,0.44590520950530926,0.19999999999999996,0.6,0.30000000000000004,0.19999999999999996,0.09999999999999998,0.30000000000000004,2.0,0.0,1.0,,,,0.31662270517450447,0.4255625513638041,0.2578147434616914
190,190.0,1.0,1.0,0.6833744054316052,0.42982670600907613,0.44590520950530926,0.09999999999999998,0.6,0.30000000000000004,0.09999999999999998,0.6,0.30000000000000004,0.0,1.0,2.0,,,,0.3549864498459538,0.277502180268413,0.3675113698856332
191,191.0,3.0,1.0,0.692873173268657,0.42982670600907613,0.44590520950530926,0.09999999999999998,0.6,0.19999999999999996,0.09999999999999998,0.6,0.10000000000000009,1.0,2.0,0.0,,,,0.2984867320242908,0.37165709107930767,0.32985617689640145
192,192.0,2.0,1.0,0.692873173268657,0.42982670600907613,0.46252805322015,0.09999999999999998,0.5,0.19999999999999996,0.09999999999999998,0.09999999999999998,0.19999999999999996,2.0,0.0,1.0,,,,0.3124240153673126,0.38901092838285006,0.29856505624983737
193,193.0,1.0,0.0,0.692873173268657,0.44693190482880385,0.46252805322015,0.19999999999999996,0.5,0.19999999999999996,-0.09999999999999998,0.5,0.19999999999999996,0.0,1.0,2.0,,,,0.3469623234223134,0.2938335468567618,0.3592041297209248
194,194.0,2.0,0.0,0.7020869780705974,0.44693190482880385,0.46252805322015,0.19999999999999996,0.5,0.19999999999999996,0.19999999999999996,0.0,0.19999999999999996,1.0,0.0,3.0,,,,0.26697627183182837,0.3883511245471201,0.34467260362105157
195,195.0,2.0,0.0,0.7020869780705974,0.46352394768393973,0.46252805322015,0.19999999999999996,0.5,0.19999999999999996,0.19999999999999996,0.0,0.19999999999999996,2.0,0.0,4.0,,,,0.3609465760027001,0.2725452054240875,0.36650821857321236
196,196.0,1.0,1.0,0.7020869780705974,0.47961822925342157,0.46252805322015,0.19999999999999996,0.5,0.19999999999999996,0.0,0.5,0.19999999999999996,0.0,1.0,5.0,,,,0.3616973864428181,0.27103201568689644,0.3672705978702853
197,197.0,1.0,1.0,0.7110243687284795,0.47961822925342157,0.46252805322015,0.19999999999999996,0.5,0.19999999999999996,0.0,0.5,0.19999999999999996,0.0,2.0,6.0,,,,0.28073460397528466,0.3769497108983453,0.34231568512637006
198,198.0,2.0,1.0,0.7196936376666251,0.47961822925342157,0.46252805322015,0.19999999999999996,0.4,0.19999999999999996,0.19999999999999996,0.09999999999999998,0.19999999999999996,1.0,0.0,7.0,,,,0.2791933965575793,0.37775742067244156,0.3430491827699791
199,199.0,3.0,1.0,0.7196936376666251,0.49522968237581894,0.46252805322015,0.19999999999999996,0.4,0.19999999999999996,0.19999999999999996,0.4,0.0,2.0,1.0,0.0,,,,0.3452555094753968,0.2932822039382436,0.36146228658635976
200,200.0,3.0,1.0,0.7196936376666251,0.49522968237581894,0.4786522116235455,0.19999999999999996,0.4,0.19999999999999996,0.19999999999999996,0.4,0.0,3.0,2.0,0.0,,,,0.3425632985951628,0.3699808406487291,0.287455860756108
201,201.0,2.0,0.0,0.5,0.25,0.125,0.19999999999999996,0.4,0.19999999999999996,0.19999999999999996,0.0,0.19999999999999996,4.0,0.0,1.0,,,,0.3433149392383944,0.370792639922583,0.28589242083902255
202,202.0,2.0,0.0,0.5,0.2725,0.125,0.19999999999999996,0.5,0.19999999999999996,0.19999999999999996,-0.09999999999999998,0.19999999999999996,5.0,0.0,2.0,,,,0.36447651666225944,0.279311631755083,0.3562118515826575
203,203.0,2.0,0.0,0.5,0.294325,0.125,0.19999999999999996,0.6,0.19999999999999996,0.19999999999999996,-0.09999999999999998,0.19999999999999996,6.0,0.0,3.0,,,,0.3768850258963471,0.2547759816831379,0.36833899242051493
204,204.0,3.0,0.0,0.5,0.31549525,0.125,0.19999999999999996,0.6,0.30000000000000004,0.19999999999999996,0.6,-0.10000000000000009,7.0,1.0,0.0,,,,0.3811931657507007,0.24625739093760016,0.3725494433116991
205,205.0,1.0,0.0,0.5,0.31549525,0.15125,0.30000000000000004,0.6,0.30000000000000004,-0.10000000000000009,0.6,0.30000000000000004,0.0,2.0,1.0,,,,0.35096707728757853,0.397064995707508,0.2519679270049134
206,206.0,2.0,1.0,0.515,0.31549525,0.15125,0.30000000000000004,0.6,0.30000000000000004,0.30000000000000004,0.0,0.30000000000000004,1.0,0.0,2.0,,,,0.2515145272072062,0.39939241207235787,0.349093060720436
207,207.0,1.0,1.0,0.515,0.3360303925,0.15125,0.30000000000000004,0.6,0.30000000000000004,0.0,0.6,0.30000000000000004,0.0,1.0,3.0,,,,0.36973056725339537,0.2577012592000063,0.3725681735465982
208,208.0,1.0,0.0,0.52955,0.3360303925,0.15125,0.4,0.6,0.30000000000000004,-0.09999999999999998,0.6,0.30000000000000004,0.0,2.0,4.0,,,,0.2662719050087713,0.38732653293846886,0.3464015620527599
209,209.0,3.0,0.0,0.5436635,0.3360303925,0.15125,0.4,0.6,0.4,0.4,0.6,-0.09999999999999998,1.0,3.0,0.0,,,,0.24249628698426207,0.39987740534033944,0.35762630767539844
210,210.0,3.0,0.0,0.5436635,0.3360303925,0.1767125,0.4,0.6,0.5,0.4,0.6,-0.09999999999999998,2.0,4.0,0.0,,,,0.3609913181283328,0.39892967865959994,0.24007900321206718
211,211.0,1.0,1.0,0.5436635,0.3360303925,0.201411125,0.4,0.6,0.5,0.0,0.6,0.5,0.0,5.0,1.0,,,,0.36487717753046356,0.4032239222182701,0.23189890025126636
212,212.0,3.0,0.0,0.5573535949999999,0.3360303925,0.201411125,0.4,0.6,0.6,0.4,0.6,-0.09999999999999998,1.0,6.0,0.0,,,,0.2496611431315552,0.3888386954908423,0.3615001613776024
213,213.0,3.0,1.0,0.5573535949999999,0.3360303925,0.22536879125,0.4,0.6,0.5,0.4,0.6,0.09999999999999998,2.0,7.0,0.0,,,,0.3639733532487435,0.41155735432867235,0.2244692924225841
214,214.0,1.0,1.0,0.5573535949999999,0.3360303925,0.24860772751250002,0.30000000000000004,0.6,0.5,0.09999999999999998,0.6,0.5,0.0,8.0,1.0,,,,0.34762835761807337,0.3930754981756615,0.25929614420626523
215,215.0,3.0,0.0,0.5706329871499999,0.3360303925,0.24860772751250002,0.30000000000000004,0.6,0.6,0.30000000000000004,0.6,-0.09999999999999998,1.0,9.0,0.0,,,,0.27000522513943975,0.38247442890596284,0.3475203459545976
216,216.0,2.0,1.0,0.5706329871499999,0.3360303925,0.271149495687125,0.30000000000000004,0.5,0.6,0.30000000000000004,0.09999999999999998,0.6,2.0,0.0,1.0,,,,0.3508325837359407,0.42344916915401787,0.22571824711004151
217,217.0,1.0,1.0,0.5706329871499999,0.355949480725,0.271149495687125,0.30000000000000004,0.5,0.6,0.0,0.5,0.6,0.0,1.0,2.0,,,,0.3442495812209623,0.26787592400480176,0.3878744947742359
218,218.0,2.0,0.0,0.5835139975354999,0.355949480725,0.271149495687125,0.30000000000000004,0.6,0.6,0.30000000000000004,-0.09999999999999998,0.6,1.0,0.0,3.0,,,,0.25905768697875,0.36121767025625173,0.37972464276499823
219,219.0,1.0,0.0,0.5835139975354999,0.37527099630325,0.271149495687125,0.4,0.6,0.6,-0.09999999999999998,0.6,0.6,0.0,1.0,4.0,,,,0.35762242620113965,0.23008668781494357,0.4122908859839168
220,220.0,3.0,0.0,0.5960085776094349,0.37527099630325,0.271149495687125,0.4,0.6,0.6,0.4,0.6,0.0,1.0,2.0,0.0,,,,0.2319723946808083,0.37961003314593644,0.38841757217325523
221,221.0,2.0,1.0,0.5960085776094349,0.37527099630325,0.2930150108165112,0.4,0.6,0.6,0.4,0.0,0.6,2.0,0.0,1.0,,,,0.3616905966751225,0.39665817766078043,0.2416512256640972
222,222.0,1.0,1.0,0.5960085776094349,0.3940128664141525,0.2930150108165112,0.30000000000000004,0.6,0.6,0.09999999999999998,0.6,0.6,0.0,1.0,2.0,,,,0.3645558806794003,0.2417104889219727,0.3937336303986269
223,223.0,3.0,0.0,0.6081283202811519,0.3940128664141525,0.2930150108165112,0.30000000000000004,0.6,0.7,0.30000000000000004,0.6,-0.09999999999999998,1.0,2.0,0.0,,,,0.2705805186999028,0.36331555445737684,0.36610392684272036
224,224.0,2.0,0.0,0.6081283202811519,0.3940128664141525,0.31422456049201586,0.30000000000000004,0.6,0.7,0.30000000000000004,0.0,0.7,2.0,0.0,1.0,,,,0.36184118062992354,0.413977354979932,0.22418146439014452
225,225.0,2.0,1.0,0.6081283202811519,0.41219248042172796,0.31422456049201586,0.30000000000000004,0.5,0.7,0.30000000000000004,0.09999999999999998,0.7,3.0,0.0,2.0,,,,0.34878204862396556,0.24124866131516728,0.4099692900608672
226,226.0,3.0,0.0,0.6081283202811519,0.42982670600907613,0.31422456049201586,0.30000000000000004,0.5,0.8,0.30000000000000004,0.5,-0.10000000000000009,4.0,1.0,0.0,,,,0.33925341068295073,0.26197755726067756,0.3987690320563717
227,227.0,2.0,0.0,0.6081283202811519,0.42982670600907613,0.33479782367725536,0.30000000000000004,0.6,0.8,0.30000000000000004,-0.09999999999999998,0.8,5.0,0.0,1.0,,,,0.3778237011314931,0.40187113150611947,0.22030516736238726
228,228.0,2.0,1.0,0.6081283202811519,0.44693190482880385,0.33479782367725536,0.30000000000000004,0.5,0.8,0.30000000000000004,0.09999999999999998,0.8,6.0,0.0,2.0,,,,0.3543035705660709,0.22108572063253976,0.42461070880138924
229,229.0,2.0,0.0,0.6081283202811519,0.46352394768393973,0.33479782367725536,0.30000000000000004,0.5,0.8,0.30000000000000004,0.0,0.8,7.0,0.0,3.0,,,,0.33862203513370315,0.25556059722258595,0.4058173676437109
230,230.0,2.0,0.0,0.6081283202811519,0.47961822925342157,0.33479782367725536,0.30000000000000004,0.5,0.8,0.30000000000000004,0.0,0.8,8.0,0.0,4.0,,,,0.3460469833542239,0.23923731212758279,0.4147157045181934
231,231.0,2.0,1.0,0.6081283202811519,0.49522968237581894,0.33479782367725536,0.30000000000000004,0.5,0.8,0.30000000000000004,0.0,0.8,9.0,0.0,5.0,,,,0.34667867105832956,0.23784858614877685,0.41547274279289353
232,232.0,3.0,0.0,0.6081283202811519,0.5103727919045443,0.33479782367725536,0.30000000000000004,0.5,0.9,0.30000000000000004,0.5,-0.09999999999999998,10.0,1.0,0.0,,,,0.34730783168550683,0.2364654157908232,0.41622675252367
233,233.0,1.0,0.0,0.6081283202811519,0.5103727919045443,0.3547538889669377,0.4,0.5,0.9,-0.09999999999999998,0.5,0.9,0.0,2.0,1.0,,,,0.3918062603220018,0.3980582309930736,0.2101355086849246
234,234.0,3.0,0.0,0.6198844706727173,0.5103727919045443,0.3547538889669377,0.4,0.5,0.9,0.4,0.5,0.0,1.0,3.0,0.0,,,,0.22529382909060028,0.35611614977808237,0.4185900211313174
235,235.0,3.0,0.0,0.6198844706727173,0.5103727919045443,0.37411127229792956,0.4,0.5,0.9,0.4,0.5,0.0,2.0,4.0,0.0,,,,0.37651716473095725,0.39884575150134083,0.22463708376770197
236,236.0,1.0,1.0,0.6198844706727173,0.5103727919045443,0.3928879341289917,0.4,0.5,0.9,0.0,0.5,0.9,0.0,5.0,1.0,,,,0.3771624567508132,0.3995293112555985,0.2233082319935884
237,237.0,1.0,1.0,0.6312879365525358,0.5103727919045443,0.3928879341289917,0.30000000000000004,0.5,0.9,0.09999999999999998,0.5,0.9,0.0,6.0,2.0,,,,0.23764414497957764,0.3547858105498489,0.4075700444705735
238,238.0,2.0,0.0,0.6423492984559597,0.5103727919045443,0.3928879341289917,0.30000000000000004,0.6,0.9,0.30000000000000004,-0.09999999999999998,0.9,1.0,0.0,3.0,,,,0.25816870978327866,0.3452340712772898,0.3965972189394316
239,239.0,3.0,0.0,0.6423492984559597,0.525061608147408,0.3928879341289917,0.30000000000000004,0.6,0.9,0.30000000000000004,0.6,0.0,2.0,1.0,0.0,,,,0.33871769039243216,0.2179237815552684,0.4433585280522994
240,240.0,2.0,1.0,0.6423492984559597,0.525061608147408,0.41110129610512197,0.30000000000000004,0.5,0.9,0.30000000000000004,0.09999999999999998,0.9,3.0,0.0,1.0,,,,0.36437923565304775,0.41055507296152954,0.22506569138542268
241,241.0,2.0,1.0,0.6423492984559597,0.5393097599029858,0.41110129610512197,0.30000000000000004,0.5,0.9,0.30000000000000004,0.0,0.9,4.0,0.0,2.0,,,,0.3287606693552426,0.2538748745596624,0.417364456085095
242,242.0,3.0,0.0,0.6423492984559597,0.5531304671058962,0.41110129610512197,0.30000000000000004,0.5,0.9,0.30000000000000004,0.5,0.0,5.0,1.0,0.0,,,,0.335920802332934,0.23762489208266244,0.4264543055844036
243,243.0,2.0,1.0,0.6423492984559597,0.5531304671058962,0.4287682572219683,0.30000000000000004,0.4,0.9,0.30000000000000004,0.09999999999999998,0.9,6.0,0.0,1.0,,,,0.3760516711596591,0.3969398845186018,0.22700844432173922
244,244.0,1.0,1.0,0.6423492984559597,0.5665365530927193,0.4287682572219683,0.30000000000000004,0.4,0.9,0.0,0.4,0.9,0.0,1.0,2.0,,,,0.3306389738589009,0.25913003901909887,0.4102309871220002
245,245.0,3.0,0.0,0.6530788195022809,0.5665365530927193,0.4287682572219683,0.30000000000000004,0.4,1.0,0.30000000000000004,0.4,-0.09999999999999998,1.0,2.0,0.0,,,,0.24995042398295042,0.3340773115906555,0.41597226442639407
246,246.0,1.0,0.0,0.6530788195022809,0.5665365530927193,0.44590520950530926,0.30000000000000004,0.4,1.0,0.0,0.4,1.0,0.0,3.0,1.0,,,,0.38395209959130505,0.4036238696538572,0.21242403075483776
247,247.0,1.0,1.0,0.6634864549172125,0.5665365530927193,0.44590520950530926,0.30000000000000004,0.4,1.0,0.0,0.4,1.0,0.0,4.0,2.0,,,,0.2450916538137721,0.33263076759085636,0.4222775785953715
248,248.0,1.0,0.0,0.6735818612696961,0.5665365530927193,0.44590520950530926,0.4,0.4,1.0,-0.09999999999999998,0.4,1.0,0.0,5.0,3.0,,,,0.243679829714169,0.333252851233628,0.42306731905220296
249,249.0,3.0,0.0,0.6833744054316052,0.5665365530927193,0.44590520950530926,0.4,0.4,1.0,0.4,0.4,0.0,1.0,6.0,0.0,,,,0.2213130117201753,0.34310820900718186,0.4355787792726428
250,250.0,3.0,1.0,0.6833744054316052,0.5665365530927193,0.46252805322015,0.4,0.4,0.9,0.4,0.4,0.09999999999999998,2.0,7.0,0.0,,,,0.3826292276658964,0.3975393464751673,0.2198314258589363
251,251.0,3.0,0.0,0.5,0.25,0.125,0.4,0.4,0.9,0.4,0.4,0.0,3.0,8.0,0.0,,,,0.3730807463107307,0.38761878431393754,0.23930046937533161
252,252.0,1.0,0.0,0.5,0.25,0.15125,0.5,0.4,0.9,-0.09999999999999998,0.4,0.9,0.0,9.0,1.0,,,,0.3807301087801662,0.3955662236028837,0.2237036676169501
253,253.0,2.0,0.0,0.515,0.25,0.15125,0.5,0.5,0.9,0.5,-0.09999999999999998,0.9,1.0,0.0,2.0,,,,0.21789605436049042,0.3616930356056276,0.42041091003388203
254,254.0,2.0,1.0,0.515,0.2725,0.15125,0.5,0.4,0.9,0.5,0.09999999999999998,0.9,2.0,0.0,3.0,,,,0.3561968722613904,0.21866691971323762,0.42513620802537194
255,255.0,1.0,1.0,0.515,0.294325,0.15125,0.4,0.4,0.9,0.09999999999999998,0.4,0.9,0.0,1.0,4.0,,,,0.3405964663069419,0.25288707768578816,0.4065164560072699
256,256.0,2.0,0.0,0.52955,0.294325,0.15125,0.4,0.5,0.9,0.4,-0.09999999999999998,0.9,1.0,0.0,5.0,,,,0.2563425802442964,0.32842367500882197,0.41523374474688163
257,257.0,3.0,0.0,0.52955,0.31549525,0.15125,0.4,0.5,0.9,0.4,0.5,0.0,2.0,1.0,0.0,,,,0.3431169820442024,0.2197427717490479,0.4371402462067496
258,258.0,1.0,1.0,0.52955,0.31549525,0.1767125,0.4,0.5,0.9,0.0,0.5,0.9,0.0,2.0,1.0,,,,0.38061059946275705,0.39403961154644135,0.22534978899080166
259,259.0,3.0,0.0,0.5436635,0.31549525,0.1767125,0.4,0.5,0.9,0.4,0.5,0.0,1.0,3.0,0.0,,,,0.23957147933844694,0.3495530139401779,0.4108755067213751
260,260.0,3.0,0.0,0.5436635,0.31549525,0.201411125,0.4,0.5,0.9,0.4,0.5,0.0,2.0,4.0,0.0,,,,0.37651716473095725,0.39884575150134083,0.22463708376770197
261,261.0,2.0,0.0,0.5436635,0.31549525,0.22536879125,0.4,0.5,0.9,0.4,0.0,0.9,3.0,0.0,1.0,,,,0.3771624567508132,0.3995293112555985,0.2233082319935884
262,262.0,2.0,1.0,0.5436635,0.3360303925,0.22536879125,0.4,0.4,0.9,0.4,0.09999999999999998,0.9,4.0,0.0,2.0,,,,0.34480624772552626,0.2355977597334112,0.4195959925410626
263,263.0,3.0,0.0,0.5436635,0.355949480725,0.22536879125,0.4,0.4,0.9,0.4,0.4,0.0,5.0,1.0,0.0,,,,0.33560098735323296,0.25600493534938046,0.4083940772973866
264,264.0,2.0,0.0,0.5436635,0.355949480725,0.24860772751250002,0.4,0.5,0.9,0.4,-0.09999999999999998,0.9,6.0,0.0,1.0,,,,0.392383095749848,0.38056487931712424,0.22705202493302779
265,265.0,1.0,1.0,0.5436635,0.37527099630325,0.24860772751250002,0.30000000000000004,0.5,0.9,0.09999999999999998,0.5,0.9,0.0,1.0,2.0,,,,0.3564146391030976,0.21969791746932046,0.423887443427582
266,266.0,3.0,0.0,0.5573535949999999,0.37527099630325,0.24860772751250002,0.30000000000000004,0.5,0.9,0.30000000000000004,0.5,0.0,1.0,2.0,0.0,,,,0.2615554225326908,0.3366447107752081,0.40179986669210116
267,267.0,2.0,0.0,0.5573535949999999,0.37527099630325,0.271149495687125,0.30000000000000004,0.5,0.9,0.30000000000000004,0.0,0.9,2.0,0.0,1.0,,,,0.36777044346367055,0.4033258128433682,0.22890374369296126
268,268.0,2.0,0.0,0.5573535949999999,0.3940128664141525,0.271149495687125,0.30000000000000004,0.6,0.9,0.30000000000000004,-0.09999999999999998,0.9,3.0,0.0,2.0,,,,0.3336074380185906,0.23962468225743658,0.42676787972397273
269,269.0,3.0,0.0,0.5573535949999999,0.41219248042172796,0.271149495687125,0.30000000000000004,0.6,0.9,0.30000000000000004,0.6,0.0,4.0,1.0,0.0,,,,0.34330432946660433,0.217523026012327,0.43917264452106863
270,270.0,2.0,1.0,0.5573535949999999,0.41219248042172796,0.2930150108165112,0.30000000000000004,0.6,0.9,0.30000000000000004,0.0,0.9,5.0,0.0,1.0,,,,0.3679280256735525,0.4082628669363057,0.22380910739014181
271,271.0,3.0,1.0,0.5573535949999999,0.42982670600907613,0.2930150108165112,0.30000000000000004,0.6,0.8,0.30000000000000004,0.6,0.09999999999999998,6.0,1.0,0.0,,,,0.34173446270047086,0.2310140420209144,0.4272514952786147
272,272.0,2.0,1.0,0.5573535949999999,0.42982670600907613,0.31422456049201586,0.30000000000000004,0.6,0.8,0.30000000000000004,0.0,0.8,7.0,0.0,1.0,,,,0.361437198032693,0.3949745077139961,0.24358829425331086
273,273.0,3.0,0.0,0.5573535949999999,0.44693190482880385,0.31422456049201586,0.30000000000000004,0.6,0.8,0.30000000000000004,0.6,0.0,8.0,1.0,0.0,,,,0.35137058618391326,0.23392369361426482,0.41470572020182184
274,274.0,1.0,0.0,0.5573535949999999,0.44693190482880385,0.33479782367725536,0.4,0.6,0.8,-0.09999999999999998,0.6,0.8,0.0,2.0,1.0,,,,0.37190421718878874,0.4002455678189982,0.22785021499221297
275,275.0,3.0,0.0,0.5706329871499999,0.44693190482880385,0.33479782367725536,0.4,0.6,0.9,0.4,0.6,-0.09999999999999998,1.0,3.0,0.0,,,,0.22573420068939973,0.37223665397446215,0.4020291453361381
276,276.0,2.0,0.0,0.5706329871499999,0.44693190482880385,0.3547538889669377,0.4,0.6,0.9,0.4,0.0,0.9,2.0,0.0,1.0,,,,0.37653201010098863,0.41610361870597923,0.20736437119303208
277,277.0,1.0,0.0,0.5706329871499999,0.46352394768393973,0.3547538889669377,0.5,0.6,0.9,-0.09999999999999998,0.6,0.9,0.0,1.0,2.0,,,,0.3461081344243898,0.22947913015607627,0.42441273541953384
278,278.0,3.0,0.0,0.5835139975354999,0.46352394768393973,0.3547538889669377,0.5,0.6,0.9,0.5,0.6,0.0,1.0,2.0,0.0,,,,0.215350984222427,0.3659597099286651,0.41868930584890784
279,279.0,2.0,1.0,0.5835139975354999,0.46352394768393973,0.37411127229792956,0.5,0.6,0.9,0.5,0.0,0.9,2.0,0.0,1.0,,,,0.38122377721978734,0.40075576179762373,0.21802046098258904
280,280.0,1.0,0.0,0.5835139975354999,0.47961822925342157,0.37411127229792956,0.6,0.6,0.9,-0.09999999999999998,0.6,0.9,0.0,1.0,2.0,,,,0.355747250225535,0.2260963446743005,0.41815640510016466
281,281.0,2.0,1.0,0.5960085776094349,0.47961822925342157,0.37411127229792956,0.6,0.5,0.9,0.6,0.09999999999999998,0.9,1.0,0.0,3.0,,,,0.20904438355480987,0.3689011037296501,0.4220545127155401
282,282.0,3.0,0.0,0.5960085776094349,0.49522968237581894,0.37411127229792956,0.6,0.5,0.9,0.6,0.5,0.0,2.0,1.0,0.0,,,,0.3516802975254948,0.24287929710036474,0.40544040537414056
283,283.0,2.0,1.0,0.5960085776094349,0.49522968237581894,0.3928879341289917,0.6,0.4,0.9,0.6,0.09999999999999998,0.9,3.0,0.0,1.0,,,,0.40075576179762373,0.38122377721978734,0.21802046098258904
284,284.0,3.0,1.0,0.5960085776094349,0.5103727919045443,0.3928879341289917,0.6,0.4,0.8,0.6,0.4,0.09999999999999998,4.0,1.0,0.0,,,,0.35405260008375955,0.25006591123113403,0.3958814886851064
285,285.0,3.0,1.0,0.5960085776094349,0.5103727919045443,0.41110129610512197,0.6,0.4,0.7,0.6,0.4,0.10000000000000009,5.0,2.0,0.0,,,,0.399881274101443,0.3590964250581004,0.24102230084045664
286,286.0,2.0,1.0,0.5960085776094349,0.5103727919045443,0.4287682572219683,0.6,0.4,0.7,0.6,0.0,0.7,6.0,0.0,1.0,,,,0.3969593752826279,0.3564725376990945,0.24656808701827757
287,287.0,3.0,1.0,0.5960085776094349,0.525061608147408,0.4287682572219683,0.6,0.4,0.6,0.6,0.4,0.09999999999999998,7.0,1.0,0.0,,,,0.3786043842755707,0.24123855611158462,0.3801570596128447
288,288.0,2.0,1.0,0.5960085776094349,0.525061608147408,0.44590520950530926,0.6,0.30000000000000004,0.6,0.6,0.09999999999999998,0.6,8.0,0.0,1.0,,,,0.39794963480958906,0.34925846256890075,0.25279190262151024
289,289.0,1.0,0.0,0.5960085776094349,0.5393097599029858,0.44590520950530926,0.6,0.30000000000000004,0.6,0.0,0.30000000000000004,0.6,0.0,1.0,2.0,,,,0.37681365282368473,0.26600903871481674,0.3571773084614986
290,290.0,2.0,1.0,0.6081283202811519,0.5393097599029858,0.44590520950530926,0.6,0.19999999999999996,0.6,0.6,0.10000000000000009,0.6,1.0,0.0,3.0,,,,0.24532806078251368,0.351978424001011,0.4026935152164754
291,291.0,2.0,1.0,0.6081283202811519,0.5531304671058962,0.44590520950530926,0.6,0.09999999999999998,0.6,0.6,0.09999999999999998,0.6,2.0,0.0,4.0,,,,0.35857758442877474,0.27731969116058347,0.36410272441064184
292,292.0,2.0,1.0,0.6081283202811519,0.5665365530927193,0.44590520950530926,0.6,0.09999999999999998,0.6,0.6,0.0,0.6,3.0,0.0,5.0,,,,0.35556622159495177,0.2833888173895461,0.36104496101550215
293,293.0,2.0,1.0,0.6081283202811519,0.5795404564999378,0.44590520950530926,0.6,0.09999999999999998,0.6,0.6,0.0,0.6,4.0,0.0,6.0,,,,0.3642323617007882,0.26592300502397825,0.3698446332752336
294,294.0,1.0,1.0,0.6081283202811519,0.5921542428049397,0.44590520950530926,0.6,0.09999999999999998,0.6,0.0,0.09999999999999998,0.6,0.0,1.0,7.0,,,,0.3649715606150073,0.2644332172546936,0.3705952221302991
295,295.0,2.0,1.0,0.6198844706727173,0.5921542428049397,0.44590520950530926,0.6,0.0,0.6,0.6,0.09999999999999998,0.6,1.0,0.0,8.0,,,,0.24852750949643462,0.32763062144114047,0.423841869062425
296,296.0,1.0,1.0,0.6198844706727173,0.6043896155207915,0.44590520950530926,0.5,0.0,0.6,0.09999999999999998,0.0,0.6,0.0,1.0,9.0,,,,0.34614298654532144,0.28868431051545534,0.3651727029392232
297,297.0,1.0,1.0,0.6312879365525358,0.6043896155207915,0.44590520950530926,0.4,0.0,0.6,0.09999999999999998,0.0,0.6,0.0,2.0,10.0,,,,0.2730335829189935,0.3066883034798964,0.42027811360111006
298,298.0,2.0,1.0,0.6423492984559597,0.6043896155207915,0.44590520950530926,0.4,0.0,0.6,0.4,0.0,0.6,1.0,0.0,11.0,,,,0.2790451269344544,0.304152188754268,0.41680268431127754
299,299.0,1.0,0.0,0.6423492984559597,0.6162579270551678,0.44590520950530926,0.5,0.0,0.6,-0.09999999999999998,0.0,0.6,0.0,1.0,12.0,,,,0.3319349391134555,0.27810895631696403,0.3899561045695805
300,300.0,1.0,0.0,0.6530788195022809,0.6162579270551678,0.44590520950530926,0.6,0.0,0.6,-0.09999999999999998,0.0,0.6,0.0,2.0,13.0,,,,0.23999519063147648,0.3163825751474954,0.4436222342210281
301,301.0,1.0,0.0,0.5,0.25,0.125,0.7,0.0,0.6,-0.09999999999999998,0.0,0.6,0.0,3.0,14.0,,,,0.23181707223305423,0.31978704591775775,0.448395881849188
302,302.0,3.0,0.0,0.515,0.25,0.125,0.7,0.0,0.6,0.7,0.0,0.0,1.0,4.0,0.0,,,,0.22383555668652558,0.32310967284203823,0.45305477047143616
303,303.0,1.0,1.0,0.515,0.25,0.15125,0.6,0.0,0.6,0.09999999999999998,0.0,0.6,0.0,5.0,1.0,,,,0.42565570555119936,0.3238648765144869,0.2504794179343138
304,304.0,2.0,0.0,0.52955,0.25,0.15125,0.6,0.09999999999999998,0.6,0.6,-0.09999999999999998,0.6,1.0,0.0,2.0,,,,0.2698102009307265,0.32449359583896276,0.40569620323031075
305,305.0,1.0,0.0,0.52955,0.2725,0.15125,0.6,0.09999999999999998,0.6,0.0,0.09999999999999998,0.6,0.0,1.0,3.0,,,,0.37147293896967587,0.254203143421783,0.37432391760854106
306,306.0,2.0,1.0,0.5436635,0.2725,0.15125,0.6,0.09999999999999998,0.6,0.6,0.0,0.6,1.0,0.0,4.0,,,,0.2517411681789501,0.33186714637709475,0.41639168544395516
307,307.0,1.0,0.0,0.5436635,0.294325,0.15125,0.6,0.09999999999999998,0.6,0.0,0.09999999999999998,0.6,0.0,1.0,5.0,,,,0.3617234642737654,0.2681605284464645,0.37011600727977007
308,308.0,3.0,0.0,0.5573535949999999,0.294325,0.15125,0.6,0.09999999999999998,0.6,0.6,0.09999999999999998,0.0,1.0,2.0,0.0,,,,0.2501363016425693,0.3297514714495589,0.4201122269078718
309,309.0,3.0,1.0,0.5573535949999999,0.294325,0.1767125,0.6,0.09999999999999998,0.6,0.6,0.09999999999999998,0.0,2.0,3.0,0.0,,,,0.4116255627068939,0.3356802086748022,0.25269422861830404
310,310.0,2.0,0.0,0.5573535949999999,0.294325,0.201411125,0.6,0.19999999999999996,0.6,0.6,-0.09999999999999998,0.6,3.0,0.0,1.0,,,,0.4124193071487772,0.3363275064231094,0.25125318642811334
311,311.0,3.0,0.0,0.5573535949999999,0.31549525,0.201411125,0.6,0.19999999999999996,0.6,0.6,0.19999999999999996,0.0,4.0,1.0,0.0,,,,0.37967951647959086,0.24640247975729937,0.37391800376310974
312,312.0,2.0,0.0,0.5573535949999999,0.31549525,0.22536879125,0.6,0.30000000000000004,0.6,0.6,-0.10000000000000009,0.6,5.0,0.0,1.0,,,,0.4123539733124403,0.3402447238881625,0.24740130279939715
313,313.0,1.0,0.0,0.5573535949999999,0.3360303925,0.22536879125,0.6,0.30000000000000004,0.6,0.0,0.30000000000000004,0.6,0.0,1.0,2.0,,,,0.38679570653006884,0.23805851636988787,0.3751457771000434
314,314.0,1.0,1.0,0.5706329871499999,0.3360303925,0.22536879125,0.6,0.30000000000000004,0.6,0.0,0.30000000000000004,0.6,0.0,2.0,3.0,,,,0.24532806078251368,0.351978424001011,0.4026935152164754
315,315.0,1.0,1.0,0.5835139975354999,0.3360303925,0.22536879125,0.6,0.30000000000000004,0.6,0.0,0.30000000000000004,0.6,0.0,3.0,4.0,,,,0.2439153148905733,0.3526373276208735,0.4034473574885532
316,316.0,1.0,1.0,0.5960085776094349,0.3360303925,0.22536879125,0.6,0.30000000000000004,0.6,0.0,0.30000000000000004,0.6,0.0,4.0,5.0,,,,0.24250809017472721,0.35329365616836444,0.40419825365690837
317,317.0,3.0,0.0,0.6081283202811519,0.3360303925,0.22536879125,0.6,0.30000000000000004,0.6,0.6,0.30000000000000004,0.0,1.0,5.0,0.0,,,,0.2411063952193365,0.35394740563974425,0.4049461991409193
318,318.0,1.0,0.0,0.6081283202811519,0.3360303925,0.24860772751250002,0.6,0.30000000000000004,0.6,0.0,0.30000000000000004,0.6,0.0,6.0,1.0,,,,0.39650854689790666,0.3600774611720605,0.24341399193003296
319,319.0,3.0,0.0,0.6198844706727173,0.3360303925,0.24860772751250002,0.6,0.30000000000000004,0.6,0.6,0.30000000000000004,0.0,1.0,7.0,0.0,,,,0.24274316616958744,0.3618410266940411,0.3954158071363715
320,320.0,2.0,1.0,0.6198844706727173,0.3360303925,0.271149495687125,0.6,0.30000000000000004,0.6,0.6,0.0,0.6,2.0,0.0,1.0,,,,0.39432075643716574,0.3636083218231457,0.2420709217396885
321,321.0,1.0,1.0,0.6198844706727173,0.355949480725,0.271149495687125,0.5,0.30000000000000004,0.6,0.09999999999999998,0.30000000000000004,0.6,0.0,1.0,2.0,,,,0.3738864580277796,0.255074730741921,0.3710388112302995
322,322.0,2.0,1.0,0.6312879365525358,0.355949480725,0.271149495687125,0.5,0.30000000000000004,0.6,0.5,0.0,0.6,1.0,0.0,3.0,,,,0.26778087920323335,0.34150644640197597,0.3907126743947906
323,323.0,1.0,1.0,0.6312879365525358,0.37527099630325,0.271149495687125,0.4,0.30000000000000004,0.6,0.09999999999999998,0.30000000000000004,0.6,0.0,1.0,4.0,,,,0.3601680294081972,0.25830490672283807,0.3815270638689648
324,324.0,3.0,0.0,0.6423492984559597,0.37527099630325,0.271149495687125,0.4,0.30000000000000004,0.6,0.4,0.30000000000000004,0.0,1.0,2.0,0.0,,,,0.27361240843451756,0.3360238431853722,0.3903637483801101
325,325.0,2.0,0.0,0.6423492984559597,0.37527099630325,0.2930150108165112,0.4,0.4,0.6,0.4,-0.09999999999999998,0.6,2.0,0.0,1.0,,,,0.37964560407993664,0.3667071449623405,0.2536472509577227
326,326.0,3.0,1.0,0.6423492984559597,0.3940128664141525,0.2930150108165112,0.4,0.4,0.6,0.4,0.4,0.0,3.0,1.0,0.0,,,,0.36496005037083423,0.24086980124155796,0.3941701483876079
327,327.0,1.0,0.0,0.6423492984559597,0.3940128664141525,0.31422456049201586,0.5,0.4,0.6,-0.09999999999999998,0.4,0.6,0.0,2.0,1.0,,,,0.3783861658644239,0.37264427932131466,0.24896955481426156
328,328.0,3.0,1.0,0.6530788195022809,0.3940128664141525,0.31422456049201586,0.5,0.4,0.6,0.5,0.4,0.0,1.0,3.0,0.0,,,,0.23403878225523914,0.36824413660190297,0.39771708114285803
329,329.0,2.0,1.0,0.6530788195022809,0.3940128664141525,0.33479782367725536,0.5,0.4,0.6,0.5,0.0,0.6,2.0,0.0,1.0,,,,0.3825900218666519,0.3723874457374541,0.24502253239589394
330,330.0,3.0,0.0,0.6530788195022809,0.41219248042172796,0.33479782367725536,0.5,0.4,0.7,0.5,0.4,-0.09999999999999998,3.0,1.0,0.0,,,,0.36755948850584663,0.25191249079402445,0.38052802070012887
331,331.0,2.0,0.0,0.6530788195022809,0.41219248042172796,0.3547538889669377,0.5,0.5,0.7,0.5,-0.09999999999999998,0.7,4.0,0.0,1.0,,,,0.39925667081273053,0.37690507954131997,0.22383824964594953
332,332.0,3.0,0.0,0.6530788195022809,0.42982670600907613,0.3547538889669377,0.5,0.5,0.7,0.5,0.5,0.0,5.0,1.0,0.0,,,,0.37542887783995477,0.22524723780397343,0.3993238843560717
333,333.0,3.0,0.0,0.6530788195022809,0.42982670600907613,0.37411127229792956,0.5,0.5,0.7,0.5,0.5,0.0,6.0,2.0,0.0,,,,0.3894043173197129,0.3776758189420578,0.2329198637382292
334,334.0,3.0,0.0,0.6530788195022809,0.42982670600907613,0.3928879341289917,0.5,0.5,0.8,0.5,0.5,-0.10000000000000009,7.0,3.0,0.0,,,,0.3900963471205089,0.37834700544442346,0.23155664743506768
335,335.0,1.0,1.0,0.6530788195022809,0.42982670600907613,0.41110129610512197,0.4,0.5,0.8,0.09999999999999998,0.5,0.8,0.0,4.0,1.0,,,,0.40104270330570285,0.38896366749154787,0.20999362920274914
336,336.0,2.0,1.0,0.6634864549172125,0.42982670600907613,0.41110129610512197,0.4,0.5,0.8,0.4,0.0,0.8,1.0,0.0,2.0,,,,0.2573940311767278,0.3520081858263638,0.39059778299690834
337,337.0,3.0,0.0,0.6634864549172125,0.44693190482880385,0.41110129610512197,0.4,0.5,0.8,0.4,0.5,0.0,2.0,1.0,0.0,,,,0.3463387189749155,0.24029120075860325,0.41337008026648125
338,338.0,3.0,0.0,0.6634864549172125,0.44693190482880385,0.4287682572219683,0.4,0.5,0.8,0.4,0.5,0.0,3.0,2.0,0.0,,,,0.37734116425435094,0.39065482147145375,0.23200401427419526
339,339.0,2.0,1.0,0.6634864549172125,0.44693190482880385,0.44590520950530926,0.4,0.4,0.8,0.4,0.09999999999999998,0.8,4.0,0.0,1.0,,,,0.37800911456620595,0.3913463389483374,0.23064454648545676
340,340.0,2.0,0.0,0.6634864549172125,0.46352394768393973,0.44590520950530926,0.4,0.5,0.8,0.4,-0.09999999999999998,0.8,5.0,0.0,2.0,,,,0.34241653504389497,0.261204007794546,0.3963794571615592
341,341.0,3.0,0.0,0.6634864549172125,0.47961822925342157,0.44590520950530926,0.4,0.5,0.8,0.4,0.5,0.0,6.0,1.0,0.0,,,,0.35987582517009875,0.2235339415101064,0.4165902333197949
342,342.0,3.0,0.0,0.6634864549172125,0.47961822925342157,0.46252805322015,0.4,0.5,0.8,0.4,0.5,0.0,7.0,2.0,0.0,,,,0.38455303692805776,0.38613010798457625,0.22931685508736596
343,343.0,3.0,0.0,0.6634864549172125,0.47961822925342157,0.4786522116235455,0.4,0.5,0.9,0.4,0.5,-0.09999999999999998,8.0,3.0,0.0,,,,0.3852258552213275,0.3868056855390004,0.22796845923967204
344,344.0,2.0,1.0,0.6634864549172125,0.47961822925342157,0.4942926452748391,0.4,0.4,0.9,0.4,0.09999999999999998,0.9,9.0,0.0,1.0,,,,0.39586341048711277,0.3974868659459516,0.20664972356693564
345,345.0,3.0,1.0,0.6634864549172125,0.49522968237581894,0.4942926452748391,0.4,0.4,0.9,0.4,0.4,0.0,10.0,1.0,0.0,,,,0.34523752298673727,0.25347849604396155,0.40128398096930123
346,346.0,3.0,0.0,0.6634864549172125,0.49522968237581894,0.509463865916594,0.4,0.4,0.9,0.4,0.4,0.0,11.0,2.0,0.0,,,,0.4015337659749349,0.37483359750859957,0.22363263651646562
347,347.0,1.0,1.0,0.6634864549172125,0.49522968237581894,0.5241799499390961,0.30000000000000004,0.4,0.9,0.09999999999999998,0.4,0.9,0.0,3.0,1.0,,,,0.4022188502356367,0.375473126783085,0.2223080229812783
348,348.0,2.0,1.0,0.6735818612696961,0.49522968237581894,0.5241799499390961,0.30000000000000004,0.30000000000000004,0.9,0.30000000000000004,0.09999999999999998,0.9,1.0,0.0,2.0,,,,0.2647422820003406,0.33165974862433534,0.403597969375324
349,349.0,1.0,1.0,0.6735818612696961,0.5103727919045443,0.5241799499390961,0.19999999999999996,0.30000000000000004,0.9,0.10000000000000009,0.30000000000000004,0.9,0.0,1.0,3.0,,,,0.31801201266135276,0.2689021390016116,0.41308584833703565
